0, 1024, 256, 32, 8, 1
0, 1024, 256, 32, 9, 1
0, 1024, 256, 32, 10, 0.9844
0, 1024, 256, 32, 11, 0.58375
0, 1024, 256, 32, 12, 0.16645
0, 1024, 256, 32, 13, 0.0763
0, 1024, 256, 32, 14, 0.04875
0, 1024, 256, 32, 15, 0.0263
0, 1024, 256, 32, 16, 0.023
0, 1024, 256, 32, 17, 0.02425
0, 1024, 256, 32, 18, 0.00545
0, 1024, 256, 32, 19, 0.0054
0, 1024, 256, 32, 20, 0.0075
0, 1024, 256, 32, 21, 0.00825
0, 1024, 256, 32, 22, 0.0025
0, 1024, 256, 32, 23, 0.00855
0, 1024, 256, 32, 24, 0.00995
0, 1024, 256, 32, 25, 0.0133
0, 1024, 256, 32, 26, 0.0048
0, 1024, 256, 32, 27, 0.0049
0, 1024, 256, 32, 28, 0.00095
0, 1024, 256, 32, 29, 0
0, 1024, 256, 32, 30, 0
0, 1024, 256, 32, 31, 0
0, 1024, 256, 32, 32, 0
0, 1024, 256, 32, 33, 0
0, 1024, 256, 32, 34, 0
0, 1024, 256, 32, 35, 0
0, 1024, 256, 32, 36, 0
0, 1024, 256, 32, 37, 0
0, 1024, 256, 32, 38, 0
0, 1024, 256, 32, 39, 0
0, 1024, 256, 32, 40, 0
0, 1024, 256, 32, 41, 0
0, 1024, 256, 32, 42, 0
0, 1024, 256, 32, 43, 0
0, 1024, 256, 32, 44, 0
0, 1024, 256, 32, 45, 0
0, 1024, 256, 32, 46, 0
0, 1024, 256, 32, 47, 0
0, 1024, 256, 32, 48, 0
0, 1024, 256, 32, 49, 0
0, 1024, 256, 32, 50, 0
0, 1024, 256, 32, 51, 0
0, 1024, 256, 32, 52, 0
0, 1024, 256, 32, 53, 0
0, 1024, 256, 32, 54, 0
0, 1024, 256, 32, 55, 0
0, 1024, 256, 32, 56, 0
0, 1024, 256, 32, 57, 0
0, 1024, 256, 32, 58, 0
0, 1024, 256, 32, 59, 0
0, 1024, 256, 32, 60, 0
0, 1024, 256, 32, 61, 0
0, 1024, 256, 32, 62, 0
0, 1024, 256, 32, 63, 0
0, 1024, 256, 32, 64, 0
0, 1024, 256, 32, 65, 0
0, 1024, 256, 32, 66, 0
0, 1024, 256, 32, 67, 0
0, 1024, 256, 32, 68, 0
0, 1024, 256, 32, 69, 0
0, 1024, 256, 32, 70, 0
0, 1024, 256, 32, 71, 0
0, 1024, 256, 32, 72, 0
0, 1024, 256, 32, 73, 0
0, 1024, 256, 32, 74, 0
0, 1024, 256, 32, 75, 0
0, 1024, 256, 32, 76, 0
0, 1024, 256, 32, 77, 0
0, 1024, 256, 32, 78, 0
0, 1024, 256, 32, 79, 0
0, 1024, 256, 32, 80, 0
0, 1024, 256, 32, 81, 0
0, 1024, 256, 32, 82, 0
0, 1024, 256, 32, 83, 0
0, 1024, 256, 32, 84, 0
0, 1024, 256, 32, 85, 0
0, 1024, 256, 32, 86, 0
0, 1024, 256, 32, 87, 0
0, 1024, 256, 32, 88, 0
0, 1024, 256, 32, 89, 0
0, 1024, 256, 32, 90, 0
0, 1024, 256, 32, 91, 0
0, 1024, 256, 32, 92, 0
0, 1024, 256, 32, 93, 0
0, 1024, 256, 32, 94, 0
0, 1024, 256, 32, 95, 0
0, 1024, 256, 32, 96, 0
0, 1024, 256, 32, 97, 0
0, 1024, 256, 32, 98, 0
0, 1024, 256, 32, 99, 0
0, 1024, 256, 32, 100, 0
0, 1024, 256, 32, 101, 0
0, 1024, 256, 32, 102, 0
0, 1024, 256, 32, 103, 0
0, 1024, 256, 32, 104, 0
0, 1024, 256, 32, 105, 0
0, 1024, 256, 32, 106, 0
0, 1024, 256, 32, 107, 0
0, 1024, 256, 32, 108, 0
0, 1024, 256, 32, 109, 0
0, 1024, 256, 32, 110, 0
0, 1024, 256, 32, 111, 0
0, 1024, 256, 32, 112, 0
0, 1024, 256, 32, 113, 0
0, 1024, 256, 32, 114, 0
0, 1024, 256, 32, 115, 0
0, 1024, 256, 32, 116, 0
0, 1024, 256, 32, 117, 0
0, 1024, 256, 32, 118, 0
0, 1024, 256, 32, 119, 0
0, 1024, 256, 32, 120, 0
0, 1024, 256, 32, 121, 0
0, 1024, 256, 32, 122, 0
0, 1024, 256, 32, 123, 0
0, 1024, 256, 32, 124, 0
0, 1024, 256, 32, 125, 0
0, 1024, 256, 32, 126, 0
0, 1024, 256, 32, 127, 0
0, 1024, 256, 32, 128, 0
0, 1024, 256, 32, 129, 0
0, 1024, 256, 32, 130, 0
0, 1024, 256, 32, 131, 0
0, 1024, 512, 32, 16, 1
0, 1024, 512, 32, 17, 1
0, 1024, 512, 32, 18, 1
0, 1024, 512, 32, 19, 1
0, 1024, 512, 32, 20, 1
0, 1024, 512, 32, 21, 1
0, 1024, 512, 32, 22, 0.99995
0, 1024, 512, 32, 23, 0.99965
0, 1024, 512, 32, 24, 0.9936
0, 1024, 512, 32, 25, 0.938
0, 1024, 512, 32, 26, 0.8268
0, 1024, 512, 32, 27, 0.58405
0, 1024, 512, 32, 28, 0.38115
0, 1024, 512, 32, 29, 0.1811
0, 1024, 512, 32, 30, 0.1308
0, 1024, 512, 32, 31, 0.09595
0, 1024, 512, 32, 32, 0.04935
0, 1024, 512, 32, 33, 0.0331
0, 1024, 512, 32, 34, 0.0189
0, 1024, 512, 32, 35, 0.0095
0, 1024, 512, 32, 36, 0.00765
0, 1024, 512, 32, 37, 0.003
0, 1024, 512, 32, 38, 0.008
0, 1024, 512, 32, 39, 0.0081
0, 1024, 512, 32, 40, 0.0054
0, 1024, 512, 32, 41, 0.0012
0, 1024, 512, 32, 42, 0.01185
0, 1024, 512, 32, 43, 0.002
0, 1024, 512, 32, 44, 0.00565
0, 1024, 512, 32, 45, 0.0078
0, 1024, 512, 32, 46, 0.00235
0, 1024, 512, 32, 47, 0.00275
0, 1024, 512, 32, 48, 0.00265
0, 1024, 512, 32, 49, 0.0024
0, 1024, 512, 32, 50, 0.00375
0, 1024, 512, 32, 51, 0.0009
0, 1024, 512, 32, 52, 0
0, 1024, 512, 32, 53, 0
0, 1024, 512, 32, 54, 0
0, 1024, 512, 32, 55, 0
0, 1024, 512, 32, 56, 0
0, 1024, 512, 32, 57, 0
0, 1024, 512, 32, 58, 0
0, 1024, 512, 32, 59, 0
0, 1024, 512, 32, 60, 0
0, 1024, 512, 32, 61, 0
0, 1024, 512, 32, 62, 0
0, 1024, 512, 32, 63, 0
0, 1024, 512, 32, 64, 0
0, 1024, 512, 32, 65, 0
0, 1024, 512, 32, 66, 0
0, 1024, 512, 32, 67, 0
0, 1024, 512, 32, 68, 0
0, 1024, 512, 32, 69, 0
0, 1024, 512, 32, 70, 0
0, 1024, 512, 32, 71, 0
0, 1024, 512, 32, 72, 0
0, 1024, 512, 32, 73, 0
0, 1024, 512, 32, 74, 0
0, 1024, 512, 32, 75, 0
0, 1024, 512, 32, 76, 0
0, 1024, 512, 32, 77, 0
0, 1024, 512, 32, 78, 0
0, 1024, 512, 32, 79, 0
0, 1024, 512, 32, 80, 0
0, 1024, 512, 32, 81, 0
0, 1024, 512, 32, 82, 0
0, 1024, 512, 32, 83, 0
0, 1024, 512, 32, 84, 0
0, 1024, 512, 32, 85, 0
0, 1024, 512, 32, 86, 0
0, 1024, 512, 32, 87, 0
0, 1024, 512, 32, 88, 0
0, 1024, 512, 32, 89, 0
0, 1024, 512, 32, 90, 0
0, 1024, 512, 32, 91, 0
0, 1024, 512, 32, 92, 0
0, 1024, 512, 32, 93, 0
0, 1024, 512, 32, 94, 0
0, 1024, 512, 32, 95, 0
0, 1024, 512, 32, 96, 0
0, 1024, 512, 32, 97, 0
0, 1024, 512, 32, 98, 0
0, 1024, 512, 32, 99, 0
0, 1024, 512, 32, 100, 0
0, 1024, 512, 32, 101, 0
0, 1024, 512, 32, 102, 0
0, 1024, 512, 32, 103, 0
0, 1024, 512, 32, 104, 0
0, 1024, 512, 32, 105, 0
0, 1024, 512, 32, 106, 0
0, 1024, 512, 32, 107, 0
0, 1024, 512, 32, 108, 0
0, 1024, 512, 32, 109, 0
0, 1024, 512, 32, 110, 0
0, 1024, 512, 32, 111, 0
0, 1024, 512, 32, 112, 0
0, 1024, 512, 32, 113, 0
0, 1024, 512, 32, 114, 0
0, 1024, 512, 32, 115, 0
0, 1024, 512, 32, 116, 0
0, 1024, 512, 32, 117, 0
0, 1024, 512, 32, 118, 0
0, 1024, 512, 32, 119, 0
0, 1024, 512, 32, 120, 0
0, 1024, 512, 32, 121, 0
0, 1024, 512, 32, 122, 0
0, 1024, 512, 32, 123, 0
0, 1024, 512, 32, 124, 0
0, 1024, 512, 32, 125, 0
0, 1024, 512, 32, 126, 0
0, 1024, 512, 32, 127, 0
0, 1024, 512, 32, 128, 0
0, 1024, 512, 32, 129, 0
0, 1024, 512, 32, 130, 0
0, 1024, 512, 32, 131, 0
0, 1024, 768, 32, 24, 1
0, 1024, 768, 32, 25, 1
0, 1024, 768, 32, 26, 1
0, 1024, 768, 32, 27, 1
0, 1024, 768, 32, 28, 1
0, 1024, 768, 32, 29, 1
0, 1024, 768, 32, 30, 1
0, 1024, 768, 32, 31, 1
0, 1024, 768, 32, 32, 1
0, 1024, 768, 32, 33, 1
0, 1024, 768, 32, 34, 1
0, 1024, 768, 32, 35, 1
0, 1024, 768, 32, 36, 1
0, 1024, 768, 32, 37, 1
0, 1024, 768, 32, 38, 1
0, 1024, 768, 32, 39, 1
0, 1024, 768, 32, 40, 1
0, 1024, 768, 32, 41, 1
0, 1024, 768, 32, 42, 1
0, 1024, 768, 32, 43, 0.99995
0, 1024, 768, 32, 44, 0.9999
0, 1024, 768, 32, 45, 0.9998
0, 1024, 768, 32, 46, 0.9992
0, 1024, 768, 32, 47, 0.99755
0, 1024, 768, 32, 48, 0.9935
0, 1024, 768, 32, 49, 0.9682
0, 1024, 768, 32, 50, 0.9458
0, 1024, 768, 32, 51, 0.86255
0, 1024, 768, 32, 52, 0.72505
0, 1024, 768, 32, 53, 0.69625
0, 1024, 768, 32, 54, 0.56555
0, 1024, 768, 32, 55, 0.4817
0, 1024, 768, 32, 56, 0.4762
0, 1024, 768, 32, 57, 0.35555
0, 1024, 768, 32, 58, 0.2753
0, 1024, 768, 32, 59, 0.19005
0, 1024, 768, 32, 60, 0.1996
0, 1024, 768, 32, 61, 0.11435
0, 1024, 768, 32, 62, 0.097
0, 1024, 768, 32, 63, 0.07575
0, 1024, 768, 32, 64, 0.0452
0, 1024, 768, 32, 65, 0.04285
0, 1024, 768, 32, 66, 0.0499
0, 1024, 768, 32, 67, 0.063
0, 1024, 768, 32, 68, 0.06
0, 1024, 768, 32, 69, 0.02975
0, 1024, 768, 32, 70, 0.0279
0, 1024, 768, 32, 71, 0.02135
0, 1024, 768, 32, 72, 0.02845
0, 1024, 768, 32, 73, 0.02515
0, 1024, 768, 32, 74, 0.05455
0, 1024, 768, 32, 75, 0.0267
0, 1024, 768, 32, 76, 0.0169
0, 1024, 768, 32, 77, 0.02505
0, 1024, 768, 32, 78, 0.01205
0, 1024, 768, 32, 79, 0.01615
0, 1024, 768, 32, 80, 0.01825
0, 1024, 768, 32, 81, 0.03375
0, 1024, 768, 32, 82, 0.01235
0, 1024, 768, 32, 83, 0.03375
0, 1024, 768, 32, 84, 0.00385
0, 1024, 768, 32, 85, 0.0001
0, 1024, 768, 32, 86, 0
0, 1024, 768, 32, 87, 0
0, 1024, 768, 32, 88, 0
0, 1024, 768, 32, 89, 0
0, 1024, 768, 32, 90, 0
0, 1024, 768, 32, 91, 0
0, 1024, 768, 32, 92, 0
0, 1024, 768, 32, 93, 0
0, 1024, 768, 32, 94, 0
0, 1024, 768, 32, 95, 0
0, 1024, 768, 32, 96, 0
0, 1024, 768, 32, 97, 0
0, 1024, 768, 32, 98, 0
0, 1024, 768, 32, 99, 0
0, 1024, 768, 32, 100, 0
0, 1024, 768, 32, 101, 0
0, 1024, 768, 32, 102, 0
0, 1024, 768, 32, 103, 0
0, 1024, 768, 32, 104, 0
0, 1024, 768, 32, 105, 0
0, 1024, 768, 32, 106, 0
0, 1024, 768, 32, 107, 0
0, 1024, 768, 32, 108, 0
0, 1024, 768, 32, 109, 0
0, 1024, 768, 32, 110, 0
0, 1024, 768, 32, 111, 0
0, 1024, 768, 32, 112, 0
0, 1024, 768, 32, 113, 0
0, 1024, 768, 32, 114, 0
0, 1024, 768, 32, 115, 0
0, 1024, 768, 32, 116, 0
0, 1024, 768, 32, 117, 0
0, 1024, 768, 32, 118, 0
0, 1024, 768, 32, 119, 0
0, 1024, 768, 32, 120, 0
0, 1024, 768, 32, 121, 0
0, 1024, 768, 32, 122, 0
0, 1024, 768, 32, 123, 0
0, 1024, 768, 32, 124, 0
0, 1024, 768, 32, 125, 0
0, 1024, 768, 32, 126, 0
0, 1024, 768, 32, 127, 0
0, 1024, 768, 32, 128, 0
0, 1024, 768, 32, 129, 0
0, 1024, 768, 32, 130, 0
0, 1024, 768, 32, 131, 0
0, 1152, 288, 32, 9, 1
0, 1152, 288, 32, 10, 0.99975
0, 1152, 288, 32, 11, 0.9917
0, 1152, 288, 32, 12, 0.79025
0, 1152, 288, 32, 13, 0.2783
0, 1152, 288, 32, 14, 0.0746
0, 1152, 288, 32, 15, 0.03235
0, 1152, 288, 32, 16, 0.01825
0, 1152, 288, 32, 17, 0.0129
0, 1152, 288, 32, 18, 0.01315
0, 1152, 288, 32, 19, 0.00685
0, 1152, 288, 32, 20, 0.004
0, 1152, 288, 32, 21, 0.00165
0, 1152, 288, 32, 22, 0.001
0, 1152, 288, 32, 23, 0.00275
0, 1152, 288, 32, 24, 0.00275
0, 1152, 288, 32, 25, 0.0005
0, 1152, 288, 32, 26, 0
0, 1152, 288, 32, 27, 0
0, 1152, 288, 32, 28, 0
0, 1152, 288, 32, 29, 0
0, 1152, 288, 32, 30, 0
0, 1152, 288, 32, 31, 0
0, 1152, 288, 32, 32, 0
0, 1152, 288, 32, 33, 0
0, 1152, 288, 32, 34, 0
0, 1152, 288, 32, 35, 0
0, 1152, 288, 32, 36, 0
0, 1152, 288, 32, 37, 0
0, 1152, 288, 32, 38, 0
0, 1152, 288, 32, 39, 0
0, 1152, 288, 32, 40, 0
0, 1152, 288, 32, 41, 0
0, 1152, 288, 32, 42, 0
0, 1152, 288, 32, 43, 0
0, 1152, 288, 32, 44, 0
0, 1152, 288, 32, 45, 0
0, 1152, 288, 32, 46, 0
0, 1152, 288, 32, 47, 0
0, 1152, 288, 32, 48, 0
0, 1152, 288, 32, 49, 0
0, 1152, 288, 32, 50, 0
0, 1152, 288, 32, 51, 0
0, 1152, 288, 32, 52, 0
0, 1152, 288, 32, 53, 0
0, 1152, 288, 32, 54, 0
0, 1152, 288, 32, 55, 0
0, 1152, 288, 32, 56, 0
0, 1152, 288, 32, 57, 0
0, 1152, 288, 32, 58, 0
0, 1152, 288, 32, 59, 0
0, 1152, 288, 32, 60, 0
0, 1152, 288, 32, 61, 0
0, 1152, 288, 32, 62, 0
0, 1152, 288, 32, 63, 0
0, 1152, 288, 32, 64, 0
0, 1152, 288, 32, 65, 0
0, 1152, 288, 32, 66, 0
0, 1152, 288, 32, 67, 0
0, 1152, 288, 32, 68, 0
0, 1152, 288, 32, 69, 0
0, 1152, 288, 32, 70, 0
0, 1152, 288, 32, 71, 0
0, 1152, 288, 32, 72, 0
0, 1152, 288, 32, 73, 0
0, 1152, 288, 32, 74, 0
0, 1152, 288, 32, 75, 0
0, 1152, 288, 32, 76, 0
0, 1152, 288, 32, 77, 0
0, 1152, 288, 32, 78, 0
0, 1152, 288, 32, 79, 0
0, 1152, 288, 32, 80, 0
0, 1152, 288, 32, 81, 0
0, 1152, 288, 32, 82, 0
0, 1152, 288, 32, 83, 0
0, 1152, 288, 32, 84, 0
0, 1152, 288, 32, 85, 0
0, 1152, 288, 32, 86, 0
0, 1152, 288, 32, 87, 0
0, 1152, 288, 32, 88, 0
0, 1152, 288, 32, 89, 0
0, 1152, 288, 32, 90, 0
0, 1152, 288, 32, 91, 0
0, 1152, 288, 32, 92, 0
0, 1152, 288, 32, 93, 0
0, 1152, 288, 32, 94, 0
0, 1152, 288, 32, 95, 0
0, 1152, 288, 32, 96, 0
0, 1152, 288, 32, 97, 0
0, 1152, 288, 32, 98, 0
0, 1152, 288, 32, 99, 0
0, 1152, 288, 32, 100, 0
0, 1152, 288, 32, 101, 0
0, 1152, 288, 32, 102, 0
0, 1152, 288, 32, 103, 0
0, 1152, 288, 32, 104, 0
0, 1152, 288, 32, 105, 0
0, 1152, 288, 32, 106, 0
0, 1152, 288, 32, 107, 0
0, 1152, 288, 32, 108, 0
0, 1152, 288, 32, 109, 0
0, 1152, 288, 32, 110, 0
0, 1152, 288, 32, 111, 0
0, 1152, 288, 32, 112, 0
0, 1152, 288, 32, 113, 0
0, 1152, 288, 32, 114, 0
0, 1152, 288, 32, 115, 0
0, 1152, 288, 32, 116, 0
0, 1152, 288, 32, 117, 0
0, 1152, 288, 32, 118, 0
0, 1152, 288, 32, 119, 0
0, 1152, 288, 32, 120, 0
0, 1152, 288, 32, 121, 0
0, 1152, 288, 32, 122, 0
0, 1152, 288, 32, 123, 0
0, 1152, 288, 32, 124, 0
0, 1152, 288, 32, 125, 0
0, 1152, 288, 32, 126, 0
0, 1152, 288, 32, 127, 0
0, 1152, 288, 32, 128, 0
0, 1152, 288, 32, 129, 0
0, 1152, 288, 32, 130, 0
0, 1152, 288, 32, 131, 0
0, 1152, 288, 32, 132, 0
0, 1152, 288, 32, 133, 0
0, 1152, 288, 32, 134, 0
0, 1152, 288, 32, 135, 0
0, 1152, 576, 32, 18, 1
0, 1152, 576, 32, 19, 1
0, 1152, 576, 32, 20, 1
0, 1152, 576, 32, 21, 1
0, 1152, 576, 32, 22, 1
0, 1152, 576, 32, 23, 1
0, 1152, 576, 32, 24, 0.99995
0, 1152, 576, 32, 25, 0.9994
0, 1152, 576, 32, 26, 0.9982
0, 1152, 576, 32, 27, 0.99895
0, 1152, 576, 32, 28, 0.97895
0, 1152, 576, 32, 29, 0.8867
0, 1152, 576, 32, 30, 0.67525
0, 1152, 576, 32, 31, 0.4843
0, 1152, 576, 32, 32, 0.24485
0, 1152, 576, 32, 33, 0.1341
0, 1152, 576, 32, 34, 0.06635
0, 1152, 576, 32, 35, 0.04895
0, 1152, 576, 32, 36, 0.03095
0, 1152, 576, 32, 37, 0.02005
0, 1152, 576, 32, 38, 0.01505
0, 1152, 576, 32, 39, 0.0063
0, 1152, 576, 32, 40, 0.00735
0, 1152, 576, 32, 41, 0.0041
0, 1152, 576, 32, 42, 0.00465
0, 1152, 576, 32, 43, 0.0047
0, 1152, 576, 32, 44, 0.00155
0, 1152, 576, 32, 45, 0.00175
0, 1152, 576, 32, 46, 0.0018
0, 1152, 576, 32, 47, 0.0017
0, 1152, 576, 32, 48, 0.00955
0, 1152, 576, 32, 49, 0.00055
0, 1152, 576, 32, 50, 0
0, 1152, 576, 32, 51, 0
0, 1152, 576, 32, 52, 0
0, 1152, 576, 32, 53, 0
0, 1152, 576, 32, 54, 0
0, 1152, 576, 32, 55, 0
0, 1152, 576, 32, 56, 0
0, 1152, 576, 32, 57, 0
0, 1152, 576, 32, 58, 0
0, 1152, 576, 32, 59, 0
0, 1152, 576, 32, 60, 0
0, 1152, 576, 32, 61, 0
0, 1152, 576, 32, 62, 0
0, 1152, 576, 32, 63, 0
0, 1152, 576, 32, 64, 0
0, 1152, 576, 32, 65, 0
0, 1152, 576, 32, 66, 0
0, 1152, 576, 32, 67, 0
0, 1152, 576, 32, 68, 0
0, 1152, 576, 32, 69, 0
0, 1152, 576, 32, 70, 0
0, 1152, 576, 32, 71, 0
0, 1152, 576, 32, 72, 0
0, 1152, 576, 32, 73, 0
0, 1152, 576, 32, 74, 0
0, 1152, 576, 32, 75, 0
0, 1152, 576, 32, 76, 0
0, 1152, 576, 32, 77, 0
0, 1152, 576, 32, 78, 0
0, 1152, 576, 32, 79, 0
0, 1152, 576, 32, 80, 0
0, 1152, 576, 32, 81, 0
0, 1152, 576, 32, 82, 0
0, 1152, 576, 32, 83, 0
0, 1152, 576, 32, 84, 0
0, 1152, 576, 32, 85, 0
0, 1152, 576, 32, 86, 0
0, 1152, 576, 32, 87, 0
0, 1152, 576, 32, 88, 0
0, 1152, 576, 32, 89, 0
0, 1152, 576, 32, 90, 0
0, 1152, 576, 32, 91, 0
0, 1152, 576, 32, 92, 0
0, 1152, 576, 32, 93, 0
0, 1152, 576, 32, 94, 0
0, 1152, 576, 32, 95, 0
0, 1152, 576, 32, 96, 0
0, 1152, 576, 32, 97, 0
0, 1152, 576, 32, 98, 0
0, 1152, 576, 32, 99, 0
0, 1152, 576, 32, 100, 0
0, 1152, 576, 32, 101, 0
0, 1152, 576, 32, 102, 0
0, 1152, 576, 32, 103, 0
0, 1152, 576, 32, 104, 0
0, 1152, 576, 32, 105, 0
0, 1152, 576, 32, 106, 0
0, 1152, 576, 32, 107, 0
0, 1152, 576, 32, 108, 0
0, 1152, 576, 32, 109, 0
0, 1152, 576, 32, 110, 0
0, 1152, 576, 32, 111, 0
0, 1152, 576, 32, 112, 0
0, 1152, 576, 32, 113, 0
0, 1152, 576, 32, 114, 0
0, 1152, 576, 32, 115, 0
0, 1152, 576, 32, 116, 0
0, 1152, 576, 32, 117, 0
0, 1152, 576, 32, 118, 0
0, 1152, 576, 32, 119, 0
0, 1152, 576, 32, 120, 0
0, 1152, 576, 32, 121, 0
0, 1152, 576, 32, 122, 0
0, 1152, 576, 32, 123, 0
0, 1152, 576, 32, 124, 0
0, 1152, 576, 32, 125, 0
0, 1152, 576, 32, 126, 0
0, 1152, 576, 32, 127, 0
0, 1152, 576, 32, 128, 0
0, 1152, 576, 32, 129, 0
0, 1152, 576, 32, 130, 0
0, 1152, 576, 32, 131, 0
0, 1152, 576, 32, 132, 0
0, 1152, 576, 32, 133, 0
0, 1152, 576, 32, 134, 0
0, 1152, 576, 32, 135, 0
0, 1152, 864, 32, 27, 1
0, 1152, 864, 32, 28, 1
0, 1152, 864, 32, 29, 1
0, 1152, 864, 32, 30, 1
0, 1152, 864, 32, 31, 1
0, 1152, 864, 32, 32, 1
0, 1152, 864, 32, 33, 1
0, 1152, 864, 32, 34, 1
0, 1152, 864, 32, 35, 1
0, 1152, 864, 32, 36, 1
0, 1152, 864, 32, 37, 1
0, 1152, 864, 32, 38, 1
0, 1152, 864, 32, 39, 1
0, 1152, 864, 32, 40, 1
0, 1152, 864, 32, 41, 1
0, 1152, 864, 32, 42, 1
0, 1152, 864, 32, 43, 1
0, 1152, 864, 32, 44, 1
0, 1152, 864, 32, 45, 1
0, 1152, 864, 32, 46, 1
0, 1152, 864, 32, 47, 1
0, 1152, 864, 32, 48, 1
0, 1152, 864, 32, 49, 1
0, 1152, 864, 32, 50, 1
0, 1152, 864, 32, 51, 0.99995
0, 1152, 864, 32, 52, 0.99975
0, 1152, 864, 32, 53, 0.99885
0, 1152, 864, 32, 54, 0.99365
0, 1152, 864, 32, 55, 0.9841
0, 1152, 864, 32, 56, 0.97525
0, 1152, 864, 32, 57, 0.85835
0, 1152, 864, 32, 58, 0.81625
0, 1152, 864, 32, 59, 0.68665
0, 1152, 864, 32, 60, 0.62235
0, 1152, 864, 32, 61, 0.5346
0, 1152, 864, 32, 62, 0.4985
0, 1152, 864, 32, 63, 0.35205
0, 1152, 864, 32, 64, 0.2259
0, 1152, 864, 32, 65, 0.17415
0, 1152, 864, 32, 66, 0.10755
0, 1152, 864, 32, 67, 0.06375
0, 1152, 864, 32, 68, 0.0413
0, 1152, 864, 32, 69, 0.03495
0, 1152, 864, 32, 70, 0.03245
0, 1152, 864, 32, 71, 0.01695
0, 1152, 864, 32, 72, 0.01285
0, 1152, 864, 32, 73, 0.00975
0, 1152, 864, 32, 74, 0.0078
0, 1152, 864, 32, 75, 0.0089
0, 1152, 864, 32, 76, 0.0061
0, 1152, 864, 32, 77, 0.02105
0, 1152, 864, 32, 78, 0.00775
0, 1152, 864, 32, 79, 0.00245
0, 1152, 864, 32, 80, 0.0048
0, 1152, 864, 32, 81, 0.00785
0, 1152, 864, 32, 82, 0.00325
0, 1152, 864, 32, 83, 0.0039
0, 1152, 864, 32, 84, 0.0044
0, 1152, 864, 32, 85, 0.00085
0, 1152, 864, 32, 86, 0
0, 1152, 864, 32, 87, 0
0, 1152, 864, 32, 88, 0
0, 1152, 864, 32, 89, 0
0, 1152, 864, 32, 90, 0
0, 1152, 864, 32, 91, 0
0, 1152, 864, 32, 92, 0
0, 1152, 864, 32, 93, 0
0, 1152, 864, 32, 94, 0
0, 1152, 864, 32, 95, 0
0, 1152, 864, 32, 96, 0
0, 1152, 864, 32, 97, 0
0, 1152, 864, 32, 98, 0
0, 1152, 864, 32, 99, 0
0, 1152, 864, 32, 100, 0
0, 1152, 864, 32, 101, 0
0, 1152, 864, 32, 102, 0
0, 1152, 864, 32, 103, 0
0, 1152, 864, 32, 104, 0
0, 1152, 864, 32, 105, 0
0, 1152, 864, 32, 106, 0
0, 1152, 864, 32, 107, 0
0, 1152, 864, 32, 108, 0
0, 1152, 864, 32, 109, 0
0, 1152, 864, 32, 110, 0
0, 1152, 864, 32, 111, 0
0, 1152, 864, 32, 112, 0
0, 1152, 864, 32, 113, 0
0, 1152, 864, 32, 114, 0
0, 1152, 864, 32, 115, 0
0, 1152, 864, 32, 116, 0
0, 1152, 864, 32, 117, 0
0, 1152, 864, 32, 118, 0
0, 1152, 864, 32, 119, 0
0, 1152, 864, 32, 120, 0
0, 1152, 864, 32, 121, 0
0, 1152, 864, 32, 122, 0
0, 1152, 864, 32, 123, 0
0, 1152, 864, 32, 124, 0
0, 1152, 864, 32, 125, 0
0, 1152, 864, 32, 126, 0
0, 1152, 864, 32, 127, 0
0, 1152, 864, 32, 128, 0
0, 1152, 864, 32, 129, 0
0, 1152, 864, 32, 130, 0
0, 1152, 864, 32, 131, 0
0, 1152, 864, 32, 132, 0
0, 1152, 864, 32, 133, 0
0, 1152, 864, 32, 134, 0
0, 1152, 864, 32, 135, 0
0, 1280, 320, 32, 10, 1
0, 1280, 320, 32, 11, 1
0, 1280, 320, 32, 12, 0.99835
0, 1280, 320, 32, 13, 0.93
0, 1280, 320, 32, 14, 0.524
0, 1280, 320, 32, 15, 0.1526
0, 1280, 320, 32, 16, 0.0499
0, 1280, 320, 32, 17, 0.0264
0, 1280, 320, 32, 18, 0.01575
0, 1280, 320, 32, 19, 0.0258
0, 1280, 320, 32, 20, 0.03105
0, 1280, 320, 32, 21, 0.00775
0, 1280, 320, 32, 22, 0.0056
0, 1280, 320, 32, 23, 0.00265
0, 1280, 320, 32, 24, 0.00075
0, 1280, 320, 32, 25, 0
0, 1280, 320, 32, 26, 0
0, 1280, 320, 32, 27, 0
0, 1280, 320, 32, 28, 0
0, 1280, 320, 32, 29, 0
0, 1280, 320, 32, 30, 0
0, 1280, 320, 32, 31, 0
0, 1280, 320, 32, 32, 0
0, 1280, 320, 32, 33, 0
0, 1280, 320, 32, 34, 0
0, 1280, 320, 32, 35, 0
0, 1280, 320, 32, 36, 0
0, 1280, 320, 32, 37, 0
0, 1280, 320, 32, 38, 0
0, 1280, 320, 32, 39, 0
0, 1280, 320, 32, 40, 0
0, 1280, 320, 32, 41, 0
0, 1280, 320, 32, 42, 0
0, 1280, 320, 32, 43, 0
0, 1280, 320, 32, 44, 0
0, 1280, 320, 32, 45, 0
0, 1280, 320, 32, 46, 0
0, 1280, 320, 32, 47, 0
0, 1280, 320, 32, 48, 0
0, 1280, 320, 32, 49, 0
0, 1280, 320, 32, 50, 0
0, 1280, 320, 32, 51, 0
0, 1280, 320, 32, 52, 0
0, 1280, 320, 32, 53, 0
0, 1280, 320, 32, 54, 0
0, 1280, 320, 32, 55, 0
0, 1280, 320, 32, 56, 0
0, 1280, 320, 32, 57, 0
0, 1280, 320, 32, 58, 0
0, 1280, 320, 32, 59, 0
0, 1280, 320, 32, 60, 0
0, 1280, 320, 32, 61, 0
0, 1280, 320, 32, 62, 0
0, 1280, 320, 32, 63, 0
0, 1280, 320, 32, 64, 0
0, 1280, 320, 32, 65, 0
0, 1280, 320, 32, 66, 0
0, 1280, 320, 32, 67, 0
0, 1280, 320, 32, 68, 0
0, 1280, 320, 32, 69, 0
0, 1280, 320, 32, 70, 0
0, 1280, 320, 32, 71, 0
0, 1280, 320, 32, 72, 0
0, 1280, 320, 32, 73, 0
0, 1280, 320, 32, 74, 0
0, 1280, 320, 32, 75, 0
0, 1280, 320, 32, 76, 0
0, 1280, 320, 32, 77, 0
0, 1280, 320, 32, 78, 0
0, 1280, 320, 32, 79, 0
0, 1280, 320, 32, 80, 0
0, 1280, 320, 32, 81, 0
0, 1280, 320, 32, 82, 0
0, 1280, 320, 32, 83, 0
0, 1280, 320, 32, 84, 0
0, 1280, 320, 32, 85, 0
0, 1280, 320, 32, 86, 0
0, 1280, 320, 32, 87, 0
0, 1280, 320, 32, 88, 0
0, 1280, 320, 32, 89, 0
0, 1280, 320, 32, 90, 0
0, 1280, 320, 32, 91, 0
0, 1280, 320, 32, 92, 0
0, 1280, 320, 32, 93, 0
0, 1280, 320, 32, 94, 0
0, 1280, 320, 32, 95, 0
0, 1280, 320, 32, 96, 0
0, 1280, 320, 32, 97, 0
0, 1280, 320, 32, 98, 0
0, 1280, 320, 32, 99, 0
0, 1280, 320, 32, 100, 0
0, 1280, 320, 32, 101, 0
0, 1280, 320, 32, 102, 0
0, 1280, 320, 32, 103, 0
0, 1280, 320, 32, 104, 0
0, 1280, 320, 32, 105, 0
0, 1280, 320, 32, 106, 0
0, 1280, 320, 32, 107, 0
0, 1280, 320, 32, 108, 0
0, 1280, 320, 32, 109, 0
0, 1280, 320, 32, 110, 0
0, 1280, 320, 32, 111, 0
0, 1280, 320, 32, 112, 0
0, 1280, 320, 32, 113, 0
0, 1280, 320, 32, 114, 0
0, 1280, 320, 32, 115, 0
0, 1280, 320, 32, 116, 0
0, 1280, 320, 32, 117, 0
0, 1280, 320, 32, 118, 0
0, 1280, 320, 32, 119, 0
0, 1280, 320, 32, 120, 0
0, 1280, 320, 32, 121, 0
0, 1280, 320, 32, 122, 0
0, 1280, 320, 32, 123, 0
0, 1280, 320, 32, 124, 0
0, 1280, 320, 32, 125, 0
0, 1280, 320, 32, 126, 0
0, 1280, 320, 32, 127, 0
0, 1280, 320, 32, 128, 0
0, 1280, 320, 32, 129, 0
0, 1280, 320, 32, 130, 0
0, 1280, 320, 32, 131, 0
0, 1280, 320, 32, 132, 0
0, 1280, 320, 32, 133, 0
0, 1280, 320, 32, 134, 0
0, 1280, 320, 32, 135, 0
0, 1280, 320, 32, 136, 0
0, 1280, 320, 32, 137, 0
0, 1280, 320, 32, 138, 0
0, 1280, 320, 32, 139, 0
0, 1280, 640, 32, 20, 1
0, 1280, 640, 32, 21, 1
0, 1280, 640, 32, 22, 1
0, 1280, 640, 32, 23, 1
0, 1280, 640, 32, 24, 1
0, 1280, 640, 32, 25, 1
0, 1280, 640, 32, 26, 1
0, 1280, 640, 32, 27, 1
0, 1280, 640, 32, 28, 0.9997
0, 1280, 640, 32, 29, 0.99975
0, 1280, 640, 32, 30, 0.99835
0, 1280, 640, 32, 31, 0.9831
0, 1280, 640, 32, 32, 0.92085
0, 1280, 640, 32, 33, 0.7571
0, 1280, 640, 32, 34, 0.54755
0, 1280, 640, 32, 35, 0.31705
0, 1280, 640, 32, 36, 0.15855
0, 1280, 640, 32, 37, 0.09805
0, 1280, 640, 32, 38, 0.05675
0, 1280, 640, 32, 39, 0.03425
0, 1280, 640, 32, 40, 0.02315
0, 1280, 640, 32, 41, 0.0218
0, 1280, 640, 32, 42, 0.02805
0, 1280, 640, 32, 43, 0.0151
0, 1280, 640, 32, 44, 0.0102
0, 1280, 640, 32, 45, 0.0039
0, 1280, 640, 32, 46, 0.00515
0, 1280, 640, 32, 47, 0.00315
0, 1280, 640, 32, 48, 0.00195
0, 1280, 640, 32, 49, 0.00225
0, 1280, 640, 32, 50, 0.0031
0, 1280, 640, 32, 51, 0.003
0, 1280, 640, 32, 52, 0.0022
0, 1280, 640, 32, 53, 0.0031
0, 1280, 640, 32, 54, 0.00225
0, 1280, 640, 32, 55, 0.0025
0, 1280, 640, 32, 56, 0.00935
0, 1280, 640, 32, 57, 0.003
0, 1280, 640, 32, 58, 0.0128
0, 1280, 640, 32, 59, 0.00085
0, 1280, 640, 32, 60, 0
0, 1280, 640, 32, 61, 0
0, 1280, 640, 32, 62, 0
0, 1280, 640, 32, 63, 0
0, 1280, 640, 32, 64, 0
0, 1280, 640, 32, 65, 0
0, 1280, 640, 32, 66, 0
0, 1280, 640, 32, 67, 0
0, 1280, 640, 32, 68, 0
0, 1280, 640, 32, 69, 0
0, 1280, 640, 32, 70, 0
0, 1280, 640, 32, 71, 0
0, 1280, 640, 32, 72, 0
0, 1280, 640, 32, 73, 0
0, 1280, 640, 32, 74, 0
0, 1280, 640, 32, 75, 0
0, 1280, 640, 32, 76, 0
0, 1280, 640, 32, 77, 0
0, 1280, 640, 32, 78, 0
0, 1280, 640, 32, 79, 0
0, 1280, 640, 32, 80, 0
0, 1280, 640, 32, 81, 0
0, 1280, 640, 32, 82, 0
0, 1280, 640, 32, 83, 0
0, 1280, 640, 32, 84, 0
0, 1280, 640, 32, 85, 0
0, 1280, 640, 32, 86, 0
0, 1280, 640, 32, 87, 0
0, 1280, 640, 32, 88, 0
0, 1280, 640, 32, 89, 0
0, 1280, 640, 32, 90, 0
0, 1280, 640, 32, 91, 0
0, 1280, 640, 32, 92, 0
0, 1280, 640, 32, 93, 0
0, 1280, 640, 32, 94, 0
0, 1280, 640, 32, 95, 0
0, 1280, 640, 32, 96, 0
0, 1280, 640, 32, 97, 0
0, 1280, 640, 32, 98, 0
0, 1280, 640, 32, 99, 0
0, 1280, 640, 32, 100, 0
0, 1280, 640, 32, 101, 0
0, 1280, 640, 32, 102, 0
0, 1280, 640, 32, 103, 0
0, 1280, 640, 32, 104, 0
0, 1280, 640, 32, 105, 0
0, 1280, 640, 32, 106, 0
0, 1280, 640, 32, 107, 0
0, 1280, 640, 32, 108, 0
0, 1280, 640, 32, 109, 0
0, 1280, 640, 32, 110, 0
0, 1280, 640, 32, 111, 0
0, 1280, 640, 32, 112, 0
0, 1280, 640, 32, 113, 0
0, 1280, 640, 32, 114, 0
0, 1280, 640, 32, 115, 0
0, 1280, 640, 32, 116, 0
0, 1280, 640, 32, 117, 0
0, 1280, 640, 32, 118, 0
0, 1280, 640, 32, 119, 0
0, 1280, 640, 32, 120, 0
0, 1280, 640, 32, 121, 0
0, 1280, 640, 32, 122, 0
0, 1280, 640, 32, 123, 0
0, 1280, 640, 32, 124, 0
0, 1280, 640, 32, 125, 0
0, 1280, 640, 32, 126, 0
0, 1280, 640, 32, 127, 0
0, 1280, 640, 32, 128, 0
0, 1280, 640, 32, 129, 0
0, 1280, 640, 32, 130, 0
0, 1280, 640, 32, 131, 0
0, 1280, 640, 32, 132, 0
0, 1280, 640, 32, 133, 0
0, 1280, 640, 32, 134, 0
0, 1280, 640, 32, 135, 0
0, 1280, 640, 32, 136, 0
0, 1280, 640, 32, 137, 0
0, 1280, 640, 32, 138, 0
0, 1280, 640, 32, 139, 0
0, 1280, 960, 32, 30, 1
0, 1280, 960, 32, 31, 1
0, 1280, 960, 32, 32, 1
0, 1280, 960, 32, 33, 1
0, 1280, 960, 32, 34, 1
0, 1280, 960, 32, 35, 1
0, 1280, 960, 32, 36, 1
0, 1280, 960, 32, 37, 1
0, 1280, 960, 32, 38, 1
0, 1280, 960, 32, 39, 1
0, 1280, 960, 32, 40, 1
0, 1280, 960, 32, 41, 1
0, 1280, 960, 32, 42, 1
0, 1280, 960, 32, 43, 1
0, 1280, 960, 32, 44, 1
0, 1280, 960, 32, 45, 1
0, 1280, 960, 32, 46, 1
0, 1280, 960, 32, 47, 1
0, 1280, 960, 32, 48, 1
0, 1280, 960, 32, 49, 1
0, 1280, 960, 32, 50, 1
0, 1280, 960, 32, 51, 1
0, 1280, 960, 32, 52, 0.99995
0, 1280, 960, 32, 53, 1
0, 1280, 960, 32, 54, 1
0, 1280, 960, 32, 55, 1
0, 1280, 960, 32, 56, 0.99995
0, 1280, 960, 32, 57, 0.99975
0, 1280, 960, 32, 58, 0.99985
0, 1280, 960, 32, 59, 0.9992
0, 1280, 960, 32, 60, 0.9984
0, 1280, 960, 32, 61, 0.9837
0, 1280, 960, 32, 62, 0.97395
0, 1280, 960, 32, 63, 0.92405
0, 1280, 960, 32, 64, 0.94685
0, 1280, 960, 32, 65, 0.8706
0, 1280, 960, 32, 66, 0.8066
0, 1280, 960, 32, 67, 0.6977
0, 1280, 960, 32, 68, 0.5637
0, 1280, 960, 32, 69, 0.49815
0, 1280, 960, 32, 70, 0.4013
0, 1280, 960, 32, 71, 0.2889
0, 1280, 960, 32, 72, 0.15505
0, 1280, 960, 32, 73, 0.15445
0, 1280, 960, 32, 74, 0.0806
0, 1280, 960, 32, 75, 0.07675
0, 1280, 960, 32, 76, 0.03775
0, 1280, 960, 32, 77, 0.0359
0, 1280, 960, 32, 78, 0.0327
0, 1280, 960, 32, 79, 0.0263
0, 1280, 960, 32, 80, 0.01525
0, 1280, 960, 32, 81, 0.0104
0, 1280, 960, 32, 82, 0.012
0, 1280, 960, 32, 83, 0.0089
0, 1280, 960, 32, 84, 0.0044
0, 1280, 960, 32, 85, 0.0088
0, 1280, 960, 32, 86, 0.00655
0, 1280, 960, 32, 87, 0.0059
0, 1280, 960, 32, 88, 0.0112
0, 1280, 960, 32, 89, 0.0159
0, 1280, 960, 32, 90, 0.0235
0, 1280, 960, 32, 91, 0.03185
0, 1280, 960, 32, 92, 0.0199
0, 1280, 960, 32, 93, 0.0096
0, 1280, 960, 32, 94, 0.01755
0, 1280, 960, 32, 95, 0.01515
0, 1280, 960, 32, 96, 0.0166
0, 1280, 960, 32, 97, 0.0148
0, 1280, 960, 32, 98, 0.0091
0, 1280, 960, 32, 99, 0.0244
0, 1280, 960, 32, 100, 0.0239
0, 1280, 960, 32, 101, 0.013
0, 1280, 960, 32, 102, 0.0186
0, 1280, 960, 32, 103, 0.02385
0, 1280, 960, 32, 104, 0.02145
0, 1280, 960, 32, 105, 0.02665
0, 1280, 960, 32, 106, 0.0287
0, 1280, 960, 32, 107, 0.0181
0, 1280, 960, 32, 108, 0.0151
0, 1280, 960, 32, 109, 0.01035
0, 1280, 960, 32, 110, 0.01955
0, 1280, 960, 32, 111, 0.01085
0, 1280, 960, 32, 112, 0.0126
0, 1280, 960, 32, 113, 0.0122
0, 1280, 960, 32, 114, 0.005
0, 1280, 960, 32, 115, 0.00315
0, 1280, 960, 32, 116, 0.0099
0, 1280, 960, 32, 117, 0.0041
0, 1280, 960, 32, 118, 0.01035
0, 1280, 960, 32, 119, 0.00445
0, 1280, 960, 32, 120, 0.0073
0, 1280, 960, 32, 121, 0.0068
0, 1280, 960, 32, 122, 0.0094
0, 1280, 960, 32, 123, 0.0078
0, 1280, 960, 32, 124, 0.0068
0, 1280, 960, 32, 125, 0.0047
0, 1280, 960, 32, 126, 0.0082
0, 1280, 960, 32, 127, 0.0046
0, 1280, 960, 32, 128, 0.00405
0, 1280, 960, 32, 129, 0
0, 1280, 960, 32, 130, 0
0, 1280, 960, 32, 131, 0
0, 1280, 960, 32, 132, 0
0, 1280, 960, 32, 133, 0
0, 1280, 960, 32, 134, 0
0, 1280, 960, 32, 135, 0
0, 1280, 960, 32, 136, 0
0, 1280, 960, 32, 137, 0
0, 1280, 960, 32, 138, 0
0, 1280, 960, 32, 139, 0
0, 1408, 352, 32, 11, 1
0, 1408, 352, 32, 12, 1
0, 1408, 352, 32, 13, 0.9997
0, 1408, 352, 32, 14, 0.9757
0, 1408, 352, 32, 15, 0.6301
0, 1408, 352, 32, 16, 0.36275
0, 1408, 352, 32, 17, 0.17
0, 1408, 352, 32, 18, 0.09065
0, 1408, 352, 32, 19, 0.05305
0, 1408, 352, 32, 20, 0.03395
0, 1408, 352, 32, 21, 0.02585
0, 1408, 352, 32, 22, 0.01235
0, 1408, 352, 32, 23, 0.01075
0, 1408, 352, 32, 24, 0.012
0, 1408, 352, 32, 25, 0.01035
0, 1408, 352, 32, 26, 0.00295
0, 1408, 352, 32, 27, 0.0073
0, 1408, 352, 32, 28, 0.0029
0, 1408, 352, 32, 29, 0.00545
0, 1408, 352, 32, 30, 0.0036
0, 1408, 352, 32, 31, 0.00425
0, 1408, 352, 32, 32, 0.0019
0, 1408, 352, 32, 33, 0.0013
0, 1408, 352, 32, 34, 0.0028
0, 1408, 352, 32, 35, 0.00225
0, 1408, 352, 32, 36, 0.00205
0, 1408, 352, 32, 37, 0.00115
0, 1408, 352, 32, 38, 0.00365
0, 1408, 352, 32, 39, 0.00045
0, 1408, 352, 32, 40, 0
0, 1408, 352, 32, 41, 0
0, 1408, 352, 32, 42, 0
0, 1408, 352, 32, 43, 0
0, 1408, 352, 32, 44, 0
0, 1408, 352, 32, 45, 0
0, 1408, 352, 32, 46, 0
0, 1408, 352, 32, 47, 0
0, 1408, 352, 32, 48, 0
0, 1408, 352, 32, 49, 0
0, 1408, 352, 32, 50, 0
0, 1408, 352, 32, 51, 0
0, 1408, 352, 32, 52, 0
0, 1408, 352, 32, 53, 0
0, 1408, 352, 32, 54, 0
0, 1408, 352, 32, 55, 0
0, 1408, 352, 32, 56, 0
0, 1408, 352, 32, 57, 0
0, 1408, 352, 32, 58, 0
0, 1408, 352, 32, 59, 0
0, 1408, 352, 32, 60, 0
0, 1408, 352, 32, 61, 0
0, 1408, 352, 32, 62, 0
0, 1408, 352, 32, 63, 0
0, 1408, 352, 32, 64, 0
0, 1408, 352, 32, 65, 0
0, 1408, 352, 32, 66, 0
0, 1408, 352, 32, 67, 0
0, 1408, 352, 32, 68, 0
0, 1408, 352, 32, 69, 0
0, 1408, 352, 32, 70, 0
0, 1408, 352, 32, 71, 0
0, 1408, 352, 32, 72, 0
0, 1408, 352, 32, 73, 0
0, 1408, 352, 32, 74, 0
0, 1408, 352, 32, 75, 0
0, 1408, 352, 32, 76, 0
0, 1408, 352, 32, 77, 0
0, 1408, 352, 32, 78, 0
0, 1408, 352, 32, 79, 0
0, 1408, 352, 32, 80, 0
0, 1408, 352, 32, 81, 0
0, 1408, 352, 32, 82, 0
0, 1408, 352, 32, 83, 0
0, 1408, 352, 32, 84, 0
0, 1408, 352, 32, 85, 0
0, 1408, 352, 32, 86, 0
0, 1408, 352, 32, 87, 0
0, 1408, 352, 32, 88, 0
0, 1408, 352, 32, 89, 0
0, 1408, 352, 32, 90, 0
0, 1408, 352, 32, 91, 0
0, 1408, 352, 32, 92, 0
0, 1408, 352, 32, 93, 0
0, 1408, 352, 32, 94, 0
0, 1408, 352, 32, 95, 0
0, 1408, 352, 32, 96, 0
0, 1408, 352, 32, 97, 0
0, 1408, 352, 32, 98, 0
0, 1408, 352, 32, 99, 0
0, 1408, 352, 32, 100, 0
0, 1408, 352, 32, 101, 0
0, 1408, 352, 32, 102, 0
0, 1408, 352, 32, 103, 0
0, 1408, 352, 32, 104, 0
0, 1408, 352, 32, 105, 0
0, 1408, 352, 32, 106, 0
0, 1408, 352, 32, 107, 0
0, 1408, 352, 32, 108, 0
0, 1408, 352, 32, 109, 0
0, 1408, 352, 32, 110, 0
0, 1408, 352, 32, 111, 0
0, 1408, 352, 32, 112, 0
0, 1408, 352, 32, 113, 0
0, 1408, 352, 32, 114, 0
0, 1408, 352, 32, 115, 0
0, 1408, 352, 32, 116, 0
0, 1408, 352, 32, 117, 0
0, 1408, 352, 32, 118, 0
0, 1408, 352, 32, 119, 0
0, 1408, 352, 32, 120, 0
0, 1408, 352, 32, 121, 0
0, 1408, 352, 32, 122, 0
0, 1408, 352, 32, 123, 0
0, 1408, 352, 32, 124, 0
0, 1408, 352, 32, 125, 0
0, 1408, 352, 32, 126, 0
0, 1408, 352, 32, 127, 0
0, 1408, 352, 32, 128, 0
0, 1408, 352, 32, 129, 0
0, 1408, 352, 32, 130, 0
0, 1408, 352, 32, 131, 0
0, 1408, 352, 32, 132, 0
0, 1408, 352, 32, 133, 0
0, 1408, 352, 32, 134, 0
0, 1408, 352, 32, 135, 0
0, 1408, 352, 32, 136, 0
0, 1408, 352, 32, 137, 0
0, 1408, 352, 32, 138, 0
0, 1408, 352, 32, 139, 0
0, 1408, 352, 32, 140, 0
0, 1408, 352, 32, 141, 0
0, 1408, 352, 32, 142, 0
0, 1408, 352, 32, 143, 0
0, 1408, 704, 32, 22, 1
0, 1408, 704, 32, 23, 1
0, 1408, 704, 32, 24, 1
0, 1408, 704, 32, 25, 1
0, 1408, 704, 32, 26, 1
0, 1408, 704, 32, 27, 1
0, 1408, 704, 32, 28, 1
0, 1408, 704, 32, 29, 1
0, 1408, 704, 32, 30, 0.99995
0, 1408, 704, 32, 31, 0.99985
0, 1408, 704, 32, 32, 0.9998
0, 1408, 704, 32, 33, 0.995
0, 1408, 704, 32, 34, 0.95425
0, 1408, 704, 32, 35, 0.88155
0, 1408, 704, 32, 36, 0.67745
0, 1408, 704, 32, 37, 0.55935
0, 1408, 704, 32, 38, 0.45085
0, 1408, 704, 32, 39, 0.3814
0, 1408, 704, 32, 40, 0.20465
0, 1408, 704, 32, 41, 0.165
0, 1408, 704, 32, 42, 0.11455
0, 1408, 704, 32, 43, 0.08385
0, 1408, 704, 32, 44, 0.05955
0, 1408, 704, 32, 45, 0.06745
0, 1408, 704, 32, 46, 0.0513
0, 1408, 704, 32, 47, 0.02535
0, 1408, 704, 32, 48, 0.03025
0, 1408, 704, 32, 49, 0.01825
0, 1408, 704, 32, 50, 0.01615
0, 1408, 704, 32, 51, 0.0109
0, 1408, 704, 32, 52, 0.00935
0, 1408, 704, 32, 53, 0.0147
0, 1408, 704, 32, 54, 0.00845
0, 1408, 704, 32, 55, 0.0105
0, 1408, 704, 32, 56, 0.01495
0, 1408, 704, 32, 57, 0.0152
0, 1408, 704, 32, 58, 0.00805
0, 1408, 704, 32, 59, 0.009
0, 1408, 704, 32, 60, 0.0077
0, 1408, 704, 32, 61, 0.0054
0, 1408, 704, 32, 62, 0.0059
0, 1408, 704, 32, 63, 0.0088
0, 1408, 704, 32, 64, 0.0165
0, 1408, 704, 32, 65, 0.0047
0, 1408, 704, 32, 66, 0.0034
0, 1408, 704, 32, 67, 0.00885
0, 1408, 704, 32, 68, 0.0038
0, 1408, 704, 32, 69, 0.00735
0, 1408, 704, 32, 70, 0.0036
0, 1408, 704, 32, 71, 0.0093
0, 1408, 704, 32, 72, 0.001
0, 1408, 704, 32, 73, 0.0026
0, 1408, 704, 32, 74, 0.00685
0, 1408, 704, 32, 75, 0.0015
0, 1408, 704, 32, 76, 0.001
0, 1408, 704, 32, 77, 0.00115
0, 1408, 704, 32, 78, 0.002
0, 1408, 704, 32, 79, 0.00705
0, 1408, 704, 32, 80, 0.00075
0, 1408, 704, 32, 81, 0
0, 1408, 704, 32, 82, 0
0, 1408, 704, 32, 83, 0
0, 1408, 704, 32, 84, 0
0, 1408, 704, 32, 85, 0
0, 1408, 704, 32, 86, 0
0, 1408, 704, 32, 87, 0
0, 1408, 704, 32, 88, 0
0, 1408, 704, 32, 89, 0
0, 1408, 704, 32, 90, 0
0, 1408, 704, 32, 91, 0
0, 1408, 704, 32, 92, 0
0, 1408, 704, 32, 93, 0
0, 1408, 704, 32, 94, 0
0, 1408, 704, 32, 95, 0
0, 1408, 704, 32, 96, 0
0, 1408, 704, 32, 97, 0
0, 1408, 704, 32, 98, 0
0, 1408, 704, 32, 99, 0
0, 1408, 704, 32, 100, 0
0, 1408, 704, 32, 101, 0
0, 1408, 704, 32, 102, 0
0, 1408, 704, 32, 103, 0
0, 1408, 704, 32, 104, 0
0, 1408, 704, 32, 105, 0
0, 1408, 704, 32, 106, 0
0, 1408, 704, 32, 107, 0
0, 1408, 704, 32, 108, 0
0, 1408, 704, 32, 109, 0
0, 1408, 704, 32, 110, 0
0, 1408, 704, 32, 111, 0
0, 1408, 704, 32, 112, 0
0, 1408, 704, 32, 113, 0
0, 1408, 704, 32, 114, 0
0, 1408, 704, 32, 115, 0
0, 1408, 704, 32, 116, 0
0, 1408, 704, 32, 117, 0
0, 1408, 704, 32, 118, 0
0, 1408, 704, 32, 119, 0
0, 1408, 704, 32, 120, 0
0, 1408, 704, 32, 121, 0
0, 1408, 704, 32, 122, 0
0, 1408, 704, 32, 123, 0
0, 1408, 704, 32, 124, 0
0, 1408, 704, 32, 125, 0
0, 1408, 704, 32, 126, 0
0, 1408, 704, 32, 127, 0
0, 1408, 704, 32, 128, 0
0, 1408, 704, 32, 129, 0
0, 1408, 704, 32, 130, 0
0, 1408, 704, 32, 131, 0
0, 1408, 704, 32, 132, 0
0, 1408, 704, 32, 133, 0
0, 1408, 704, 32, 134, 0
0, 1408, 704, 32, 135, 0
0, 1408, 704, 32, 136, 0
0, 1408, 704, 32, 137, 0
0, 1408, 704, 32, 138, 0
0, 1408, 704, 32, 139, 0
0, 1408, 704, 32, 140, 0
0, 1408, 704, 32, 141, 0
0, 1408, 704, 32, 142, 0
0, 1408, 704, 32, 143, 0
0, 1408, 1056, 32, 33, 1
0, 1408, 1056, 32, 34, 1
0, 1408, 1056, 32, 35, 1
0, 1408, 1056, 32, 36, 1
0, 1408, 1056, 32, 37, 1
0, 1408, 1056, 32, 38, 1
0, 1408, 1056, 32, 39, 1
0, 1408, 1056, 32, 40, 1
0, 1408, 1056, 32, 41, 1
0, 1408, 1056, 32, 42, 1
0, 1408, 1056, 32, 43, 1
0, 1408, 1056, 32, 44, 1
0, 1408, 1056, 32, 45, 1
0, 1408, 1056, 32, 46, 1
0, 1408, 1056, 32, 47, 1
0, 1408, 1056, 32, 48, 1
0, 1408, 1056, 32, 49, 1
0, 1408, 1056, 32, 50, 1
0, 1408, 1056, 32, 51, 1
0, 1408, 1056, 32, 52, 1
0, 1408, 1056, 32, 53, 1
0, 1408, 1056, 32, 54, 1
0, 1408, 1056, 32, 55, 1
0, 1408, 1056, 32, 56, 1
0, 1408, 1056, 32, 57, 1
0, 1408, 1056, 32, 58, 0.99995
0, 1408, 1056, 32, 59, 1
0, 1408, 1056, 32, 60, 0.99995
0, 1408, 1056, 32, 61, 0.9999
0, 1408, 1056, 32, 62, 0.9999
0, 1408, 1056, 32, 63, 0.9998
0, 1408, 1056, 32, 64, 0.99935
0, 1408, 1056, 32, 65, 0.99895
0, 1408, 1056, 32, 66, 0.99775
0, 1408, 1056, 32, 67, 0.9929
0, 1408, 1056, 32, 68, 0.98165
0, 1408, 1056, 32, 69, 0.95865
0, 1408, 1056, 32, 70, 0.9502
0, 1408, 1056, 32, 71, 0.91675
0, 1408, 1056, 32, 72, 0.8483
0, 1408, 1056, 32, 73, 0.75145
0, 1408, 1056, 32, 74, 0.70495
0, 1408, 1056, 32, 75, 0.57875
0, 1408, 1056, 32, 76, 0.52285
0, 1408, 1056, 32, 77, 0.4168
0, 1408, 1056, 32, 78, 0.246
0, 1408, 1056, 32, 79, 0.1883
0, 1408, 1056, 32, 80, 0.12685
0, 1408, 1056, 32, 81, 0.11295
0, 1408, 1056, 32, 82, 0.0696
0, 1408, 1056, 32, 83, 0.05135
0, 1408, 1056, 32, 84, 0.0418
0, 1408, 1056, 32, 85, 0.0333
0, 1408, 1056, 32, 86, 0.02745
0, 1408, 1056, 32, 87, 0.0243
0, 1408, 1056, 32, 88, 0.0233
0, 1408, 1056, 32, 89, 0.0175
0, 1408, 1056, 32, 90, 0.015
0, 1408, 1056, 32, 91, 0.0144
0, 1408, 1056, 32, 92, 0.01295
0, 1408, 1056, 32, 93, 0.0146
0, 1408, 1056, 32, 94, 0.01425
0, 1408, 1056, 32, 95, 0.01315
0, 1408, 1056, 32, 96, 0.0131
0, 1408, 1056, 32, 97, 0.01595
0, 1408, 1056, 32, 98, 0.0122
0, 1408, 1056, 32, 99, 0.0114
0, 1408, 1056, 32, 100, 0.0098
0, 1408, 1056, 32, 101, 0.01305
0, 1408, 1056, 32, 102, 0.0132
0, 1408, 1056, 32, 103, 0.01345
0, 1408, 1056, 32, 104, 0.0109
0, 1408, 1056, 32, 105, 0.011
0, 1408, 1056, 32, 106, 0.0105
0, 1408, 1056, 32, 107, 0.0104
0, 1408, 1056, 32, 108, 0.0125
0, 1408, 1056, 32, 109, 0.0091
0, 1408, 1056, 32, 110, 0.01085
0, 1408, 1056, 32, 111, 0.01065
0, 1408, 1056, 32, 112, 0.0094
0, 1408, 1056, 32, 113, 0.0091
0, 1408, 1056, 32, 114, 0.0071
0, 1408, 1056, 32, 115, 0.01085
0, 1408, 1056, 32, 116, 0.0094
0, 1408, 1056, 32, 117, 0.0117
0, 1408, 1056, 32, 118, 0.00785
0, 1408, 1056, 32, 119, 0.0088
0, 1408, 1056, 32, 120, 0.0089
0, 1408, 1056, 32, 121, 0.01035
0, 1408, 1056, 32, 122, 0.00435
0, 1408, 1056, 32, 123, 0.00655
0, 1408, 1056, 32, 124, 0.0091
0, 1408, 1056, 32, 125, 0.00905
0, 1408, 1056, 32, 126, 0.00935
0, 1408, 1056, 32, 127, 0.011
0, 1408, 1056, 32, 128, 0.0082
0, 1408, 1056, 32, 129, 0.0065
0, 1408, 1056, 32, 130, 0.00745
0, 1408, 1056, 32, 131, 0.00305
0, 1408, 1056, 32, 132, 0.00635
0, 1408, 1056, 32, 133, 0.0077
0, 1408, 1056, 32, 134, 0.00325
0, 1408, 1056, 32, 135, 0.0062
0, 1408, 1056, 32, 136, 0.00335
0, 1408, 1056, 32, 137, 0.0032
0, 1408, 1056, 32, 138, 0.0047
0, 1408, 1056, 32, 139, 0.0074
0, 1408, 1056, 32, 140, 0.00825
0, 1408, 1056, 32, 141, 0.00335
0, 1408, 1056, 32, 142, 0.0028
0, 1408, 1056, 32, 143, 0.00335
0, 1408, 1056, 32, 144, 0.0045
0, 1408, 1056, 32, 145, 0.0016
0, 1408, 1056, 32, 146, 0.00295
0, 1408, 1056, 32, 147, 0.00445
0, 1408, 1056, 32, 148, 0.003
0, 1408, 1056, 32, 149, 0.0031
0, 1408, 1056, 32, 150, 0.0023
0, 1408, 1056, 32, 151, 0.0011
0, 1408, 1056, 32, 152, 0.00295
0, 1408, 1056, 32, 153, 0.00305
0, 1408, 1056, 32, 154, 0.0095
0, 1408, 1056, 32, 155, 0.0038
0, 1408, 1056, 32, 156, 0.00075
0, 1536, 384, 32, 12, 1
0, 1536, 384, 32, 13, 1
0, 1536, 384, 32, 14, 0.9999
0, 1536, 384, 32, 15, 0.99
0, 1536, 384, 32, 16, 0.7745
0, 1536, 384, 32, 17, 0.4658
0, 1536, 384, 32, 18, 0.2203
0, 1536, 384, 32, 19, 0.11615
0, 1536, 384, 32, 20, 0.0628
0, 1536, 384, 32, 21, 0.04245
0, 1536, 384, 32, 22, 0.02315
0, 1536, 384, 32, 23, 0.01735
0, 1536, 384, 32, 24, 0.01375
0, 1536, 384, 32, 25, 0.01035
0, 1536, 384, 32, 26, 0.0124
0, 1536, 384, 32, 27, 0.00935
0, 1536, 384, 32, 28, 0.0039
0, 1536, 384, 32, 29, 0.00445
0, 1536, 384, 32, 30, 0.0028
0, 1536, 384, 32, 31, 0.003
0, 1536, 384, 32, 32, 0.0055
0, 1536, 384, 32, 33, 0.00205
0, 1536, 384, 32, 34, 0.00275
0, 1536, 384, 32, 35, 0.00155
0, 1536, 384, 32, 36, 0.00055
0, 1536, 384, 32, 37, 0
0, 1536, 384, 32, 38, 0
0, 1536, 384, 32, 39, 0
0, 1536, 384, 32, 40, 0
0, 1536, 384, 32, 41, 0
0, 1536, 384, 32, 42, 0
0, 1536, 384, 32, 43, 0
0, 1536, 384, 32, 44, 0
0, 1536, 384, 32, 45, 0
0, 1536, 384, 32, 46, 0
0, 1536, 384, 32, 47, 0
0, 1536, 384, 32, 48, 0
0, 1536, 384, 32, 49, 0
0, 1536, 384, 32, 50, 0
0, 1536, 384, 32, 51, 0
0, 1536, 384, 32, 52, 0
0, 1536, 384, 32, 53, 0
0, 1536, 384, 32, 54, 0
0, 1536, 384, 32, 55, 0
0, 1536, 384, 32, 56, 0
0, 1536, 384, 32, 57, 0
0, 1536, 384, 32, 58, 0
0, 1536, 384, 32, 59, 0
0, 1536, 384, 32, 60, 0
0, 1536, 384, 32, 61, 0
0, 1536, 384, 32, 62, 0
0, 1536, 384, 32, 63, 0
0, 1536, 384, 32, 64, 0
0, 1536, 384, 32, 65, 0
0, 1536, 384, 32, 66, 0
0, 1536, 384, 32, 67, 0
0, 1536, 384, 32, 68, 0
0, 1536, 384, 32, 69, 0
0, 1536, 384, 32, 70, 0
0, 1536, 384, 32, 71, 0
0, 1536, 384, 32, 72, 0
0, 1536, 384, 32, 73, 0
0, 1536, 384, 32, 74, 0
0, 1536, 384, 32, 75, 0
0, 1536, 384, 32, 76, 0
0, 1536, 384, 32, 77, 0
0, 1536, 384, 32, 78, 0
0, 1536, 384, 32, 79, 0
0, 1536, 384, 32, 80, 0
0, 1536, 384, 32, 81, 0
0, 1536, 384, 32, 82, 0
0, 1536, 384, 32, 83, 0
0, 1536, 384, 32, 84, 0
0, 1536, 384, 32, 85, 0
0, 1536, 384, 32, 86, 0
0, 1536, 384, 32, 87, 0
0, 1536, 384, 32, 88, 0
0, 1536, 384, 32, 89, 0
0, 1536, 384, 32, 90, 0
0, 1536, 384, 32, 91, 0
0, 1536, 384, 32, 92, 0
0, 1536, 384, 32, 93, 0
0, 1536, 384, 32, 94, 0
0, 1536, 384, 32, 95, 0
0, 1536, 384, 32, 96, 0
0, 1536, 384, 32, 97, 0
0, 1536, 384, 32, 98, 0
0, 1536, 384, 32, 99, 0
0, 1536, 384, 32, 100, 0
0, 1536, 384, 32, 101, 0
0, 1536, 384, 32, 102, 0
0, 1536, 384, 32, 103, 0
0, 1536, 384, 32, 104, 0
0, 1536, 384, 32, 105, 0
0, 1536, 384, 32, 106, 0
0, 1536, 384, 32, 107, 0
0, 1536, 384, 32, 108, 0
0, 1536, 384, 32, 109, 0
0, 1536, 384, 32, 110, 0
0, 1536, 384, 32, 111, 0
0, 1536, 384, 32, 112, 0
0, 1536, 384, 32, 113, 0
0, 1536, 384, 32, 114, 0
0, 1536, 384, 32, 115, 0
0, 1536, 384, 32, 116, 0
0, 1536, 384, 32, 117, 0
0, 1536, 384, 32, 118, 0
0, 1536, 384, 32, 119, 0
0, 1536, 384, 32, 120, 0
0, 1536, 384, 32, 121, 0
0, 1536, 384, 32, 122, 0
0, 1536, 384, 32, 123, 0
0, 1536, 384, 32, 124, 0
0, 1536, 384, 32, 125, 0
0, 1536, 384, 32, 126, 0
0, 1536, 384, 32, 127, 0
0, 1536, 384, 32, 128, 0
0, 1536, 384, 32, 129, 0
0, 1536, 384, 32, 130, 0
0, 1536, 384, 32, 131, 0
0, 1536, 384, 32, 132, 0
0, 1536, 384, 32, 133, 0
0, 1536, 384, 32, 134, 0
0, 1536, 384, 32, 135, 0
0, 1536, 384, 32, 136, 0
0, 1536, 384, 32, 137, 0
0, 1536, 384, 32, 138, 0
0, 1536, 384, 32, 139, 0
0, 1536, 384, 32, 140, 0
0, 1536, 384, 32, 141, 0
0, 1536, 384, 32, 142, 0
0, 1536, 384, 32, 143, 0
0, 1536, 384, 32, 144, 0
0, 1536, 384, 32, 145, 0
0, 1536, 384, 32, 146, 0
0, 1536, 384, 32, 147, 0
0, 1536, 768, 32, 24, 1
0, 1536, 768, 32, 25, 1
0, 1536, 768, 32, 26, 1
0, 1536, 768, 32, 27, 1
0, 1536, 768, 32, 28, 1
0, 1536, 768, 32, 29, 1
0, 1536, 768, 32, 30, 1
0, 1536, 768, 32, 31, 1
0, 1536, 768, 32, 32, 1
0, 1536, 768, 32, 33, 0.99995
0, 1536, 768, 32, 34, 0.99995
0, 1536, 768, 32, 35, 0.9994
0, 1536, 768, 32, 36, 0.99595
0, 1536, 768, 32, 37, 0.98295
0, 1536, 768, 32, 38, 0.8717
0, 1536, 768, 32, 39, 0.71785
0, 1536, 768, 32, 40, 0.593
0, 1536, 768, 32, 41, 0.4983
0, 1536, 768, 32, 42, 0.3999
0, 1536, 768, 32, 43, 0.33935
0, 1536, 768, 32, 44, 0.22035
0, 1536, 768, 32, 45, 0.15985
0, 1536, 768, 32, 46, 0.1079
0, 1536, 768, 32, 47, 0.08285
0, 1536, 768, 32, 48, 0.055
0, 1536, 768, 32, 49, 0.03845
0, 1536, 768, 32, 50, 0.0293
0, 1536, 768, 32, 51, 0.02215
0, 1536, 768, 32, 52, 0.021
0, 1536, 768, 32, 53, 0.0183
0, 1536, 768, 32, 54, 0.0126
0, 1536, 768, 32, 55, 0.01055
0, 1536, 768, 32, 56, 0.01055
0, 1536, 768, 32, 57, 0.0101
0, 1536, 768, 32, 58, 0.0092
0, 1536, 768, 32, 59, 0.00745
0, 1536, 768, 32, 60, 0.01205
0, 1536, 768, 32, 61, 0.00975
0, 1536, 768, 32, 62, 0.0079
0, 1536, 768, 32, 63, 0.0124
0, 1536, 768, 32, 64, 0.01255
0, 1536, 768, 32, 65, 0.01025
0, 1536, 768, 32, 66, 0.0055
0, 1536, 768, 32, 67, 0.00775
0, 1536, 768, 32, 68, 0.0048
0, 1536, 768, 32, 69, 0.0063
0, 1536, 768, 32, 70, 0.00735
0, 1536, 768, 32, 71, 0.0066
0, 1536, 768, 32, 72, 0.01225
0, 1536, 768, 32, 73, 0.0074
0, 1536, 768, 32, 74, 0.0035
0, 1536, 768, 32, 75, 0.0053
0, 1536, 768, 32, 76, 0.00595
0, 1536, 768, 32, 77, 0.0037
0, 1536, 768, 32, 78, 0.00565
0, 1536, 768, 32, 79, 0.00935
0, 1536, 768, 32, 80, 0.0014
0, 1536, 768, 32, 81, 0.0084
0, 1536, 768, 32, 82, 0.005
0, 1536, 768, 32, 83, 0.00585
0, 1536, 768, 32, 84, 0.0105
0, 1536, 768, 32, 85, 0.017
0, 1536, 768, 32, 86, 0.0021
0, 1536, 768, 32, 87, 0.01015
0, 1536, 768, 32, 88, 0.00705
0, 1536, 768, 32, 89, 0.0093
0, 1536, 768, 32, 90, 0.00865
0, 1536, 768, 32, 91, 0.01375
0, 1536, 768, 32, 92, 0.00595
0, 1536, 768, 32, 93, 0.00785
0, 1536, 768, 32, 94, 0.00335
0, 1536, 768, 32, 95, 0.00875
0, 1536, 768, 32, 96, 0.0059
0, 1536, 768, 32, 97, 0.00175
0, 1536, 768, 32, 98, 0.00055
0, 1536, 768, 32, 99, 0
0, 1536, 768, 32, 100, 0
0, 1536, 768, 32, 101, 0
0, 1536, 768, 32, 102, 0
0, 1536, 768, 32, 103, 0
0, 1536, 768, 32, 104, 0
0, 1536, 768, 32, 105, 0
0, 1536, 768, 32, 106, 0
0, 1536, 768, 32, 107, 0
0, 1536, 768, 32, 108, 0
0, 1536, 768, 32, 109, 0
0, 1536, 768, 32, 110, 0
0, 1536, 768, 32, 111, 0
0, 1536, 768, 32, 112, 0
0, 1536, 768, 32, 113, 0
0, 1536, 768, 32, 114, 0
0, 1536, 768, 32, 115, 0
0, 1536, 768, 32, 116, 0
0, 1536, 768, 32, 117, 0
0, 1536, 768, 32, 118, 0
0, 1536, 768, 32, 119, 0
0, 1536, 768, 32, 120, 0
0, 1536, 768, 32, 121, 0
0, 1536, 768, 32, 122, 0
0, 1536, 768, 32, 123, 0
0, 1536, 768, 32, 124, 0
0, 1536, 768, 32, 125, 0
0, 1536, 768, 32, 126, 0
0, 1536, 768, 32, 127, 0
0, 1536, 768, 32, 128, 0
0, 1536, 768, 32, 129, 0
0, 1536, 768, 32, 130, 0
0, 1536, 768, 32, 131, 0
0, 1536, 768, 32, 132, 0
0, 1536, 768, 32, 133, 0
0, 1536, 768, 32, 134, 0
0, 1536, 768, 32, 135, 0
0, 1536, 768, 32, 136, 0
0, 1536, 768, 32, 137, 0
0, 1536, 768, 32, 138, 0
0, 1536, 768, 32, 139, 0
0, 1536, 768, 32, 140, 0
0, 1536, 768, 32, 141, 0
0, 1536, 768, 32, 142, 0
0, 1536, 768, 32, 143, 0
0, 1536, 768, 32, 144, 0
0, 1536, 768, 32, 145, 0
0, 1536, 768, 32, 146, 0
0, 1536, 768, 32, 147, 0
0, 1536, 1152, 32, 36, 1
0, 1536, 1152, 32, 37, 1
0, 1536, 1152, 32, 38, 1
0, 1536, 1152, 32, 39, 1
0, 1536, 1152, 32, 40, 1
0, 1536, 1152, 32, 41, 1
0, 1536, 1152, 32, 42, 1
0, 1536, 1152, 32, 43, 1
0, 1536, 1152, 32, 44, 1
0, 1536, 1152, 32, 45, 1
0, 1536, 1152, 32, 46, 1
0, 1536, 1152, 32, 47, 1
0, 1536, 1152, 32, 48, 1
0, 1536, 1152, 32, 49, 1
0, 1536, 1152, 32, 50, 1
0, 1536, 1152, 32, 51, 1
0, 1536, 1152, 32, 52, 1
0, 1536, 1152, 32, 53, 1
0, 1536, 1152, 32, 54, 1
0, 1536, 1152, 32, 55, 1
0, 1536, 1152, 32, 56, 1
0, 1536, 1152, 32, 57, 1
0, 1536, 1152, 32, 58, 1
0, 1536, 1152, 32, 59, 1
0, 1536, 1152, 32, 60, 1
0, 1536, 1152, 32, 61, 1
0, 1536, 1152, 32, 62, 1
0, 1536, 1152, 32, 63, 1
0, 1536, 1152, 32, 64, 1
0, 1536, 1152, 32, 65, 1
0, 1536, 1152, 32, 66, 1
0, 1536, 1152, 32, 67, 0.9999
0, 1536, 1152, 32, 68, 0.99995
0, 1536, 1152, 32, 69, 0.99995
0, 1536, 1152, 32, 70, 0.99945
0, 1536, 1152, 32, 71, 0.99735
0, 1536, 1152, 32, 72, 0.99415
0, 1536, 1152, 32, 73, 0.99175
0, 1536, 1152, 32, 74, 0.9611
0, 1536, 1152, 32, 75, 0.94805
0, 1536, 1152, 32, 76, 0.8984
0, 1536, 1152, 32, 77, 0.82655
0, 1536, 1152, 32, 78, 0.7257
0, 1536, 1152, 32, 79, 0.6679
0, 1536, 1152, 32, 80, 0.6112
0, 1536, 1152, 32, 81, 0.5715
0, 1536, 1152, 32, 82, 0.51775
0, 1536, 1152, 32, 83, 0.50585
0, 1536, 1152, 32, 84, 0.4461
0, 1536, 1152, 32, 85, 0.4132
0, 1536, 1152, 32, 86, 0.3445
0, 1536, 1152, 32, 87, 0.362
0, 1536, 1152, 32, 88, 0.2106
0, 1536, 1152, 32, 89, 0.2015
0, 1536, 1152, 32, 90, 0.17055
0, 1536, 1152, 32, 91, 0.1306
0, 1536, 1152, 32, 92, 0.0952
0, 1536, 1152, 32, 93, 0.0903
0, 1536, 1152, 32, 94, 0.0626
0, 1536, 1152, 32, 95, 0.07285
0, 1536, 1152, 32, 96, 0.0337
0, 1536, 1152, 32, 97, 0.03925
0, 1536, 1152, 32, 98, 0.02735
0, 1536, 1152, 32, 99, 0.0269
0, 1536, 1152, 32, 100, 0.0271
0, 1536, 1152, 32, 101, 0.02935
0, 1536, 1152, 32, 102, 0.02455
0, 1536, 1152, 32, 103, 0.0144
0, 1536, 1152, 32, 104, 0.018
0, 1536, 1152, 32, 105, 0.0189
0, 1536, 1152, 32, 106, 0.01435
0, 1536, 1152, 32, 107, 0.0134
0, 1536, 1152, 32, 108, 0.0151
0, 1536, 1152, 32, 109, 0.0121
0, 1536, 1152, 32, 110, 0.0138
0, 1536, 1152, 32, 111, 0.01305
0, 1536, 1152, 32, 112, 0.0094
0, 1536, 1152, 32, 113, 0.0144
0, 1536, 1152, 32, 114, 0.0103
0, 1536, 1152, 32, 115, 0.0123
0, 1536, 1152, 32, 116, 0.0113
0, 1536, 1152, 32, 117, 0.0116
0, 1536, 1152, 32, 118, 0.01275
0, 1536, 1152, 32, 119, 0.0103
0, 1536, 1152, 32, 120, 0.01345
0, 1536, 1152, 32, 121, 0.0117
0, 1536, 1152, 32, 122, 0.01185
0, 1536, 1152, 32, 123, 0.00925
0, 1536, 1152, 32, 124, 0.0105
0, 1536, 1152, 32, 125, 0.0091
0, 1536, 1152, 32, 126, 0.0101
0, 1536, 1152, 32, 127, 0.011
0, 1536, 1152, 32, 128, 0.011
0, 1536, 1152, 32, 129, 0.00745
0, 1536, 1152, 32, 130, 0.0113
0, 1536, 1152, 32, 131, 0.00925
0, 1536, 1152, 32, 132, 0.00855
0, 1536, 1152, 32, 133, 0.01055
0, 1536, 1152, 32, 134, 0.0075
0, 1536, 1152, 32, 135, 0.0131
0, 1536, 1152, 32, 136, 0.0136
0, 1536, 1152, 32, 137, 0.0064
0, 1536, 1152, 32, 138, 0.009
0, 1536, 1152, 32, 139, 0.01345
0, 1536, 1152, 32, 140, 0.0059
0, 1536, 1152, 32, 141, 0.009
0, 1536, 1152, 32, 142, 0.00615
0, 1536, 1152, 32, 143, 0.0036
0, 1536, 1152, 32, 144, 0.0031
0, 1536, 1152, 32, 145, 0.00825
0, 1536, 1152, 32, 146, 0.0071
0, 1536, 1152, 32, 147, 0.00775
0, 1536, 1152, 32, 148, 0.00315
0, 1536, 1152, 32, 149, 0.0107
0, 1536, 1152, 32, 150, 0.00415
0, 1536, 1152, 32, 151, 0.013
0, 1536, 1152, 32, 152, 0.0038
0, 1536, 1152, 32, 153, 0.00445
0, 1536, 1152, 32, 154, 0.0063
0, 1536, 1152, 32, 155, 0.00195
0, 1536, 1152, 32, 156, 0.0051
0, 1536, 1152, 32, 157, 0.0102
0, 1536, 1152, 32, 158, 0.0077
0, 1536, 1152, 32, 159, 0.0045
0, 1536, 1152, 32, 160, 0.00285
0, 1536, 1152, 32, 161, 0.00655
0, 1536, 1152, 32, 162, 0.0085
0, 1536, 1152, 32, 163, 0.0045
0, 1536, 1152, 32, 164, 0.01
0, 1536, 1152, 32, 165, 0.00405
0, 1536, 1152, 32, 166, 0.0079
0, 1536, 1152, 32, 167, 0.0051
0, 1536, 1152, 32, 168, 0.0065
0, 1536, 1152, 32, 169, 0.0187
0, 1536, 1152, 32, 170, 0.0075
0, 1536, 1152, 32, 171, 0.00295
0, 1536, 1152, 32, 172, 0.00475
0, 1536, 1152, 32, 173, 0.0081
0, 1536, 1152, 32, 174, 0.00475
0, 1536, 1152, 32, 175, 0.00645
0, 1536, 1152, 32, 176, 0.0055
0, 1536, 1152, 32, 177, 0.005
0, 1536, 1152, 32, 178, 0.0068
0, 1536, 1152, 32, 179, 0.00565
0, 1536, 1152, 32, 180, 0.0009
0, 1664, 416, 32, 13, 1
0, 1664, 416, 32, 14, 1
0, 1664, 416, 32, 15, 0.9988
0, 1664, 416, 32, 16, 0.9974
0, 1664, 416, 32, 17, 0.91315
0, 1664, 416, 32, 18, 0.56145
0, 1664, 416, 32, 19, 0.30705
0, 1664, 416, 32, 20, 0.13705
0, 1664, 416, 32, 21, 0.1
0, 1664, 416, 32, 22, 0.0569
0, 1664, 416, 32, 23, 0.0408
0, 1664, 416, 32, 24, 0.0234
0, 1664, 416, 32, 25, 0.01995
0, 1664, 416, 32, 26, 0.0125
0, 1664, 416, 32, 27, 0.0108
0, 1664, 416, 32, 28, 0.0115
0, 1664, 416, 32, 29, 0.00405
0, 1664, 416, 32, 30, 0.00735
0, 1664, 416, 32, 31, 0.00345
0, 1664, 416, 32, 32, 0.00465
0, 1664, 416, 32, 33, 0.00165
0, 1664, 416, 32, 34, 0.00225
0, 1664, 416, 32, 35, 0.00395
0, 1664, 416, 32, 36, 0.0045
0, 1664, 416, 32, 37, 0.00185
0, 1664, 416, 32, 38, 0.0007
0, 1664, 416, 32, 39, 0
0, 1664, 416, 32, 40, 0
0, 1664, 416, 32, 41, 0
0, 1664, 416, 32, 42, 0
0, 1664, 416, 32, 43, 0
0, 1664, 416, 32, 44, 0
0, 1664, 416, 32, 45, 0
0, 1664, 416, 32, 46, 0
0, 1664, 416, 32, 47, 0
0, 1664, 416, 32, 48, 0
0, 1664, 416, 32, 49, 0
0, 1664, 416, 32, 50, 0
0, 1664, 416, 32, 51, 0
0, 1664, 416, 32, 52, 0
0, 1664, 416, 32, 53, 0
0, 1664, 416, 32, 54, 0
0, 1664, 416, 32, 55, 0
0, 1664, 416, 32, 56, 0
0, 1664, 416, 32, 57, 0
0, 1664, 416, 32, 58, 0
0, 1664, 416, 32, 59, 0
0, 1664, 416, 32, 60, 0
0, 1664, 416, 32, 61, 0
0, 1664, 416, 32, 62, 0
0, 1664, 416, 32, 63, 0
0, 1664, 416, 32, 64, 0
0, 1664, 416, 32, 65, 0
0, 1664, 416, 32, 66, 0
0, 1664, 416, 32, 67, 0
0, 1664, 416, 32, 68, 0
0, 1664, 416, 32, 69, 0
0, 1664, 416, 32, 70, 0
0, 1664, 416, 32, 71, 0
0, 1664, 416, 32, 72, 0
0, 1664, 416, 32, 73, 0
0, 1664, 416, 32, 74, 0
0, 1664, 416, 32, 75, 0
0, 1664, 416, 32, 76, 0
0, 1664, 416, 32, 77, 0
0, 1664, 416, 32, 78, 0
0, 1664, 416, 32, 79, 0
0, 1664, 416, 32, 80, 0
0, 1664, 416, 32, 81, 0
0, 1664, 416, 32, 82, 0
0, 1664, 416, 32, 83, 0
0, 1664, 416, 32, 84, 0
0, 1664, 416, 32, 85, 0
0, 1664, 416, 32, 86, 0
0, 1664, 416, 32, 87, 0
0, 1664, 416, 32, 88, 0
0, 1664, 416, 32, 89, 0
0, 1664, 416, 32, 90, 0
0, 1664, 416, 32, 91, 0
0, 1664, 416, 32, 92, 0
0, 1664, 416, 32, 93, 0
0, 1664, 416, 32, 94, 0
0, 1664, 416, 32, 95, 0
0, 1664, 416, 32, 96, 0
0, 1664, 416, 32, 97, 0
0, 1664, 416, 32, 98, 0
0, 1664, 416, 32, 99, 0
0, 1664, 416, 32, 100, 0
0, 1664, 416, 32, 101, 0
0, 1664, 416, 32, 102, 0
0, 1664, 416, 32, 103, 0
0, 1664, 416, 32, 104, 0
0, 1664, 416, 32, 105, 0
0, 1664, 416, 32, 106, 0
0, 1664, 416, 32, 107, 0
0, 1664, 416, 32, 108, 0
0, 1664, 416, 32, 109, 0
0, 1664, 416, 32, 110, 0
0, 1664, 416, 32, 111, 0
0, 1664, 416, 32, 112, 0
0, 1664, 416, 32, 113, 0
0, 1664, 416, 32, 114, 0
0, 1664, 416, 32, 115, 0
0, 1664, 416, 32, 116, 0
0, 1664, 416, 32, 117, 0
0, 1664, 416, 32, 118, 0
0, 1664, 416, 32, 119, 0
0, 1664, 416, 32, 120, 0
0, 1664, 416, 32, 121, 0
0, 1664, 416, 32, 122, 0
0, 1664, 416, 32, 123, 0
0, 1664, 416, 32, 124, 0
0, 1664, 416, 32, 125, 0
0, 1664, 416, 32, 126, 0
0, 1664, 416, 32, 127, 0
0, 1664, 416, 32, 128, 0
0, 1664, 416, 32, 129, 0
0, 1664, 416, 32, 130, 0
0, 1664, 416, 32, 131, 0
0, 1664, 416, 32, 132, 0
0, 1664, 416, 32, 133, 0
0, 1664, 416, 32, 134, 0
0, 1664, 416, 32, 135, 0
0, 1664, 416, 32, 136, 0
0, 1664, 416, 32, 137, 0
0, 1664, 416, 32, 138, 0
0, 1664, 416, 32, 139, 0
0, 1664, 416, 32, 140, 0
0, 1664, 416, 32, 141, 0
0, 1664, 416, 32, 142, 0
0, 1664, 416, 32, 143, 0
0, 1664, 416, 32, 144, 0
0, 1664, 416, 32, 145, 0
0, 1664, 416, 32, 146, 0
0, 1664, 416, 32, 147, 0
0, 1664, 416, 32, 148, 0
0, 1664, 416, 32, 149, 0
0, 1664, 416, 32, 150, 0
0, 1664, 416, 32, 151, 0
0, 1664, 832, 32, 26, 1
0, 1664, 832, 32, 27, 1
0, 1664, 832, 32, 28, 1
0, 1664, 832, 32, 29, 1
0, 1664, 832, 32, 30, 1
0, 1664, 832, 32, 31, 1
0, 1664, 832, 32, 32, 1
0, 1664, 832, 32, 33, 1
0, 1664, 832, 32, 34, 1
0, 1664, 832, 32, 35, 1
0, 1664, 832, 32, 36, 1
0, 1664, 832, 32, 37, 0.9999
0, 1664, 832, 32, 38, 0.9999
0, 1664, 832, 32, 39, 0.9986
0, 1664, 832, 32, 40, 0.9711
0, 1664, 832, 32, 41, 0.87905
0, 1664, 832, 32, 42, 0.75865
0, 1664, 832, 32, 43, 0.63625
0, 1664, 832, 32, 44, 0.5303
0, 1664, 832, 32, 45, 0.43425
0, 1664, 832, 32, 46, 0.34805
0, 1664, 832, 32, 47, 0.26715
0, 1664, 832, 32, 48, 0.1927
0, 1664, 832, 32, 49, 0.1469
0, 1664, 832, 32, 50, 0.09415
0, 1664, 832, 32, 51, 0.08015
0, 1664, 832, 32, 52, 0.05075
0, 1664, 832, 32, 53, 0.0441
0, 1664, 832, 32, 54, 0.02525
0, 1664, 832, 32, 55, 0.0244
0, 1664, 832, 32, 56, 0.02115
0, 1664, 832, 32, 57, 0.01465
0, 1664, 832, 32, 58, 0.01175
0, 1664, 832, 32, 59, 0.0117
0, 1664, 832, 32, 60, 0.01255
0, 1664, 832, 32, 61, 0.01255
0, 1664, 832, 32, 62, 0.0084
0, 1664, 832, 32, 63, 0.00975
0, 1664, 832, 32, 64, 0.0108
0, 1664, 832, 32, 65, 0.01215
0, 1664, 832, 32, 66, 0.0133
0, 1664, 832, 32, 67, 0.0097
0, 1664, 832, 32, 68, 0.00545
0, 1664, 832, 32, 69, 0.0113
0, 1664, 832, 32, 70, 0.0155
0, 1664, 832, 32, 71, 0.00285
0, 1664, 832, 32, 72, 0.00705
0, 1664, 832, 32, 73, 0.0067
0, 1664, 832, 32, 74, 0.0147
0, 1664, 832, 32, 75, 0.01055
0, 1664, 832, 32, 76, 0.00185
0, 1664, 832, 32, 77, 0.0079
0, 1664, 832, 32, 78, 0.00395
0, 1664, 832, 32, 79, 0.00275
0, 1664, 832, 32, 80, 0.00455
0, 1664, 832, 32, 81, 0.00465
0, 1664, 832, 32, 82, 0.00675
0, 1664, 832, 32, 83, 0.007
0, 1664, 832, 32, 84, 0.00055
0, 1664, 832, 32, 85, 0
0, 1664, 832, 32, 86, 0
0, 1664, 832, 32, 87, 0
0, 1664, 832, 32, 88, 0
0, 1664, 832, 32, 89, 0
0, 1664, 832, 32, 90, 0
0, 1664, 832, 32, 91, 0
0, 1664, 832, 32, 92, 0
0, 1664, 832, 32, 93, 0
0, 1664, 832, 32, 94, 0
0, 1664, 832, 32, 95, 0
0, 1664, 832, 32, 96, 0
0, 1664, 832, 32, 97, 0
0, 1664, 832, 32, 98, 0
0, 1664, 832, 32, 99, 0
0, 1664, 832, 32, 100, 0
0, 1664, 832, 32, 101, 0
0, 1664, 832, 32, 102, 0
0, 1664, 832, 32, 103, 0
0, 1664, 832, 32, 104, 0
0, 1664, 832, 32, 105, 0
0, 1664, 832, 32, 106, 0
0, 1664, 832, 32, 107, 0
0, 1664, 832, 32, 108, 0
0, 1664, 832, 32, 109, 0
0, 1664, 832, 32, 110, 0
0, 1664, 832, 32, 111, 0
0, 1664, 832, 32, 112, 0
0, 1664, 832, 32, 113, 0
0, 1664, 832, 32, 114, 0
0, 1664, 832, 32, 115, 0
0, 1664, 832, 32, 116, 0
0, 1664, 832, 32, 117, 0
0, 1664, 832, 32, 118, 0
0, 1664, 832, 32, 119, 0
0, 1664, 832, 32, 120, 0
0, 1664, 832, 32, 121, 0
0, 1664, 832, 32, 122, 0
0, 1664, 832, 32, 123, 0
0, 1664, 832, 32, 124, 0
0, 1664, 832, 32, 125, 0
0, 1664, 832, 32, 126, 0
0, 1664, 832, 32, 127, 0
0, 1664, 832, 32, 128, 0
0, 1664, 832, 32, 129, 0
0, 1664, 832, 32, 130, 0
0, 1664, 832, 32, 131, 0
0, 1664, 832, 32, 132, 0
0, 1664, 832, 32, 133, 0
0, 1664, 832, 32, 134, 0
0, 1664, 832, 32, 135, 0
0, 1664, 832, 32, 136, 0
0, 1664, 832, 32, 137, 0
0, 1664, 832, 32, 138, 0
0, 1664, 832, 32, 139, 0
0, 1664, 832, 32, 140, 0
0, 1664, 832, 32, 141, 0
0, 1664, 832, 32, 142, 0
0, 1664, 832, 32, 143, 0
0, 1664, 832, 32, 144, 0
0, 1664, 832, 32, 145, 0
0, 1664, 832, 32, 146, 0
0, 1664, 832, 32, 147, 0
0, 1664, 832, 32, 148, 0
0, 1664, 832, 32, 149, 0
0, 1664, 832, 32, 150, 0
0, 1664, 832, 32, 151, 0
0, 1664, 1248, 32, 39, 1
0, 1664, 1248, 32, 40, 1
0, 1664, 1248, 32, 41, 1
0, 1664, 1248, 32, 42, 1
0, 1664, 1248, 32, 43, 1
0, 1664, 1248, 32, 44, 1
0, 1664, 1248, 32, 45, 1
0, 1664, 1248, 32, 46, 1
0, 1664, 1248, 32, 47, 1
0, 1664, 1248, 32, 48, 1
0, 1664, 1248, 32, 49, 1
0, 1664, 1248, 32, 50, 1
0, 1664, 1248, 32, 51, 1
0, 1664, 1248, 32, 52, 1
0, 1664, 1248, 32, 53, 1
0, 1664, 1248, 32, 54, 1
0, 1664, 1248, 32, 55, 1
0, 1664, 1248, 32, 56, 1
0, 1664, 1248, 32, 57, 1
0, 1664, 1248, 32, 58, 1
0, 1664, 1248, 32, 59, 1
0, 1664, 1248, 32, 60, 1
0, 1664, 1248, 32, 61, 1
0, 1664, 1248, 32, 62, 1
0, 1664, 1248, 32, 63, 1
0, 1664, 1248, 32, 64, 1
0, 1664, 1248, 32, 65, 1
0, 1664, 1248, 32, 66, 1
0, 1664, 1248, 32, 67, 1
0, 1664, 1248, 32, 68, 1
0, 1664, 1248, 32, 69, 1
0, 1664, 1248, 32, 70, 1
0, 1664, 1248, 32, 71, 0.9999
0, 1664, 1248, 32, 72, 0.99985
0, 1664, 1248, 32, 73, 0.9999
0, 1664, 1248, 32, 74, 1
0, 1664, 1248, 32, 75, 0.99995
0, 1664, 1248, 32, 76, 0.99965
0, 1664, 1248, 32, 77, 0.99905
0, 1664, 1248, 32, 78, 0.9975
0, 1664, 1248, 32, 79, 0.98765
0, 1664, 1248, 32, 80, 0.9791
0, 1664, 1248, 32, 81, 0.9703
0, 1664, 1248, 32, 82, 0.944
0, 1664, 1248, 32, 83, 0.8828
0, 1664, 1248, 32, 84, 0.7541
0, 1664, 1248, 32, 85, 0.7049
0, 1664, 1248, 32, 86, 0.64315
0, 1664, 1248, 32, 87, 0.5953
0, 1664, 1248, 32, 88, 0.5681
0, 1664, 1248, 32, 89, 0.5153
0, 1664, 1248, 32, 90, 0.49845
0, 1664, 1248, 32, 91, 0.4712
0, 1664, 1248, 32, 92, 0.3996
0, 1664, 1248, 32, 93, 0.4035
0, 1664, 1248, 32, 94, 0.3204
0, 1664, 1248, 32, 95, 0.23285
0, 1664, 1248, 32, 96, 0.2178
0, 1664, 1248, 32, 97, 0.13415
0, 1664, 1248, 32, 98, 0.14405
0, 1664, 1248, 32, 99, 0.1117
0, 1664, 1248, 32, 100, 0.0784
0, 1664, 1248, 32, 101, 0.0824
0, 1664, 1248, 32, 102, 0.051
0, 1664, 1248, 32, 103, 0.0528
0, 1664, 1248, 32, 104, 0.0399
0, 1664, 1248, 32, 105, 0.03705
0, 1664, 1248, 32, 106, 0.02795
0, 1664, 1248, 32, 107, 0.0244
0, 1664, 1248, 32, 108, 0.02295
0, 1664, 1248, 32, 109, 0.02365
0, 1664, 1248, 32, 110, 0.0162
0, 1664, 1248, 32, 111, 0.011
0, 1664, 1248, 32, 112, 0.01445
0, 1664, 1248, 32, 113, 0.01575
0, 1664, 1248, 32, 114, 0.01075
0, 1664, 1248, 32, 115, 0.0114
0, 1664, 1248, 32, 116, 0.0112
0, 1664, 1248, 32, 117, 0.0173
0, 1664, 1248, 32, 118, 0.0196
0, 1664, 1248, 32, 119, 0.0141
0, 1664, 1248, 32, 120, 0.0119
0, 1664, 1248, 32, 121, 0.01335
0, 1664, 1248, 32, 122, 0.0119
0, 1664, 1248, 32, 123, 0.0086
0, 1664, 1248, 32, 124, 0.01335
0, 1664, 1248, 32, 125, 0.0086
0, 1664, 1248, 32, 126, 0.01115
0, 1664, 1248, 32, 127, 0.01135
0, 1664, 1248, 32, 128, 0.0099
0, 1664, 1248, 32, 129, 0.00605
0, 1664, 1248, 32, 130, 0.01055
0, 1664, 1248, 32, 131, 0.0119
0, 1664, 1248, 32, 132, 0.0104
0, 1664, 1248, 32, 133, 0.01095
0, 1664, 1248, 32, 134, 0.0119
0, 1664, 1248, 32, 135, 0.0137
0, 1664, 1248, 32, 136, 0.0091
0, 1664, 1248, 32, 137, 0.01175
0, 1664, 1248, 32, 138, 0.0105
0, 1664, 1248, 32, 139, 0.01695
0, 1664, 1248, 32, 140, 0.0094
0, 1664, 1248, 32, 141, 0.0112
0, 1664, 1248, 32, 142, 0.00285
0, 1664, 1248, 32, 143, 0.0181
0, 1664, 1248, 32, 144, 0.01245
0, 1664, 1248, 32, 145, 0.0083
0, 1664, 1248, 32, 146, 0.00945
0, 1664, 1248, 32, 147, 0.0059
0, 1664, 1248, 32, 148, 0.0109
0, 1664, 1248, 32, 149, 0.01065
0, 1664, 1248, 32, 150, 0.0084
0, 1664, 1248, 32, 151, 0.00985
0, 1664, 1248, 32, 152, 0.00715
0, 1664, 1248, 32, 153, 0.0046
0, 1664, 1248, 32, 154, 0.01065
0, 1664, 1248, 32, 155, 0.0074
0, 1664, 1248, 32, 156, 0.00785
0, 1664, 1248, 32, 157, 0.00405
0, 1664, 1248, 32, 158, 0.0099
0, 1664, 1248, 32, 159, 0.006
0, 1664, 1248, 32, 160, 0.0131
0, 1664, 1248, 32, 161, 0.00605
0, 1664, 1248, 32, 162, 0.005
0, 1664, 1248, 32, 163, 0.00095
0, 1792, 448, 32, 14, 1
0, 1792, 448, 32, 15, 1
0, 1792, 448, 32, 16, 1
0, 1792, 448, 32, 17, 0.9994
0, 1792, 448, 32, 18, 0.96855
0, 1792, 448, 32, 19, 0.6828
0, 1792, 448, 32, 20, 0.43205
0, 1792, 448, 32, 21, 0.27475
0, 1792, 448, 32, 22, 0.1237
0, 1792, 448, 32, 23, 0.0837
0, 1792, 448, 32, 24, 0.05685
0, 1792, 448, 32, 25, 0.0266
0, 1792, 448, 32, 26, 0.0181
0, 1792, 448, 32, 27, 0.0148
0, 1792, 448, 32, 28, 0.01225
0, 1792, 448, 32, 29, 0.01235
0, 1792, 448, 32, 30, 0.0072
0, 1792, 448, 32, 31, 0.00545
0, 1792, 448, 32, 32, 0.00555
0, 1792, 448, 32, 33, 0.00375
0, 1792, 448, 32, 34, 0.0042
0, 1792, 448, 32, 35, 0.00365
0, 1792, 448, 32, 36, 0.00405
0, 1792, 448, 32, 37, 0.00575
0, 1792, 448, 32, 38, 0.0027
0, 1792, 448, 32, 39, 0.0053
0, 1792, 448, 32, 40, 0.002
0, 1792, 448, 32, 41, 0.00375
0, 1792, 448, 32, 42, 0.0019
0, 1792, 448, 32, 43, 0.0005
0, 1792, 448, 32, 44, 0
0, 1792, 448, 32, 45, 0
0, 1792, 448, 32, 46, 0
0, 1792, 448, 32, 47, 0
0, 1792, 448, 32, 48, 0
0, 1792, 448, 32, 49, 0
0, 1792, 448, 32, 50, 0
0, 1792, 448, 32, 51, 0
0, 1792, 448, 32, 52, 0
0, 1792, 448, 32, 53, 0
0, 1792, 448, 32, 54, 0
0, 1792, 448, 32, 55, 0
0, 1792, 448, 32, 56, 0
0, 1792, 448, 32, 57, 0
0, 1792, 448, 32, 58, 0
0, 1792, 448, 32, 59, 0
0, 1792, 448, 32, 60, 0
0, 1792, 448, 32, 61, 0
0, 1792, 448, 32, 62, 0
0, 1792, 448, 32, 63, 0
0, 1792, 448, 32, 64, 0
0, 1792, 448, 32, 65, 0
0, 1792, 448, 32, 66, 0
0, 1792, 448, 32, 67, 0
0, 1792, 448, 32, 68, 0
0, 1792, 448, 32, 69, 0
0, 1792, 448, 32, 70, 0
0, 1792, 448, 32, 71, 0
0, 1792, 448, 32, 72, 0
0, 1792, 448, 32, 73, 0
0, 1792, 448, 32, 74, 0
0, 1792, 448, 32, 75, 0
0, 1792, 448, 32, 76, 0
0, 1792, 448, 32, 77, 0
0, 1792, 448, 32, 78, 0
0, 1792, 448, 32, 79, 0
0, 1792, 448, 32, 80, 0
0, 1792, 448, 32, 81, 0
0, 1792, 448, 32, 82, 0
0, 1792, 448, 32, 83, 0
0, 1792, 448, 32, 84, 0
0, 1792, 448, 32, 85, 0
0, 1792, 448, 32, 86, 0
0, 1792, 448, 32, 87, 0
0, 1792, 448, 32, 88, 0
0, 1792, 448, 32, 89, 0
0, 1792, 448, 32, 90, 0
0, 1792, 448, 32, 91, 0
0, 1792, 448, 32, 92, 0
0, 1792, 448, 32, 93, 0
0, 1792, 448, 32, 94, 0
0, 1792, 448, 32, 95, 0
0, 1792, 448, 32, 96, 0
0, 1792, 448, 32, 97, 0
0, 1792, 448, 32, 98, 0
0, 1792, 448, 32, 99, 0
0, 1792, 448, 32, 100, 0
0, 1792, 448, 32, 101, 0
0, 1792, 448, 32, 102, 0
0, 1792, 448, 32, 103, 0
0, 1792, 448, 32, 104, 0
0, 1792, 448, 32, 105, 0
0, 1792, 448, 32, 106, 0
0, 1792, 448, 32, 107, 0
0, 1792, 448, 32, 108, 0
0, 1792, 448, 32, 109, 0
0, 1792, 448, 32, 110, 0
0, 1792, 448, 32, 111, 0
0, 1792, 448, 32, 112, 0
0, 1792, 448, 32, 113, 0
0, 1792, 448, 32, 114, 0
0, 1792, 448, 32, 115, 0
0, 1792, 448, 32, 116, 0
0, 1792, 448, 32, 117, 0
0, 1792, 448, 32, 118, 0
0, 1792, 448, 32, 119, 0
0, 1792, 448, 32, 120, 0
0, 1792, 448, 32, 121, 0
0, 1792, 448, 32, 122, 0
0, 1792, 448, 32, 123, 0
0, 1792, 448, 32, 124, 0
0, 1792, 448, 32, 125, 0
0, 1792, 448, 32, 126, 0
0, 1792, 448, 32, 127, 0
0, 1792, 448, 32, 128, 0
0, 1792, 448, 32, 129, 0
0, 1792, 448, 32, 130, 0
0, 1792, 448, 32, 131, 0
0, 1792, 448, 32, 132, 0
0, 1792, 448, 32, 133, 0
0, 1792, 448, 32, 134, 0
0, 1792, 448, 32, 135, 0
0, 1792, 448, 32, 136, 0
0, 1792, 448, 32, 137, 0
0, 1792, 448, 32, 138, 0
0, 1792, 448, 32, 139, 0
0, 1792, 448, 32, 140, 0
0, 1792, 448, 32, 141, 0
0, 1792, 448, 32, 142, 0
0, 1792, 448, 32, 143, 0
0, 1792, 448, 32, 144, 0
0, 1792, 448, 32, 145, 0
0, 1792, 448, 32, 146, 0
0, 1792, 448, 32, 147, 0
0, 1792, 448, 32, 148, 0
0, 1792, 448, 32, 149, 0
0, 1792, 448, 32, 150, 0
0, 1792, 448, 32, 151, 0
0, 1792, 448, 32, 152, 0
0, 1792, 448, 32, 153, 0
0, 1792, 448, 32, 154, 0
0, 1792, 448, 32, 155, 0
0, 1792, 896, 32, 28, 1
0, 1792, 896, 32, 29, 1
0, 1792, 896, 32, 30, 1
0, 1792, 896, 32, 31, 1
0, 1792, 896, 32, 32, 1
0, 1792, 896, 32, 33, 1
0, 1792, 896, 32, 34, 1
0, 1792, 896, 32, 35, 1
0, 1792, 896, 32, 36, 1
0, 1792, 896, 32, 37, 1
0, 1792, 896, 32, 38, 1
0, 1792, 896, 32, 39, 1
0, 1792, 896, 32, 40, 0.9999
0, 1792, 896, 32, 41, 0.9998
0, 1792, 896, 32, 42, 0.998
0, 1792, 896, 32, 43, 0.9845
0, 1792, 896, 32, 44, 0.89595
0, 1792, 896, 32, 45, 0.80165
0, 1792, 896, 32, 46, 0.6754
0, 1792, 896, 32, 47, 0.5635
0, 1792, 896, 32, 48, 0.5036
0, 1792, 896, 32, 49, 0.4475
0, 1792, 896, 32, 50, 0.3723
0, 1792, 896, 32, 51, 0.2294
0, 1792, 896, 32, 52, 0.1683
0, 1792, 896, 32, 53, 0.1327
0, 1792, 896, 32, 54, 0.09975
0, 1792, 896, 32, 55, 0.07365
0, 1792, 896, 32, 56, 0.05475
0, 1792, 896, 32, 57, 0.03425
0, 1792, 896, 32, 58, 0.0262
0, 1792, 896, 32, 59, 0.01905
0, 1792, 896, 32, 60, 0.0164
0, 1792, 896, 32, 61, 0.01325
0, 1792, 896, 32, 62, 0.01625
0, 1792, 896, 32, 63, 0.0107
0, 1792, 896, 32, 64, 0.01085
0, 1792, 896, 32, 65, 0.01415
0, 1792, 896, 32, 66, 0.0084
0, 1792, 896, 32, 67, 0.00895
0, 1792, 896, 32, 68, 0.0118
0, 1792, 896, 32, 69, 0.0096
0, 1792, 896, 32, 70, 0.02105
0, 1792, 896, 32, 71, 0.02415
0, 1792, 896, 32, 72, 0.00835
0, 1792, 896, 32, 73, 0.00955
0, 1792, 896, 32, 74, 0.00915
0, 1792, 896, 32, 75, 0.00725
0, 1792, 896, 32, 76, 0.0089
0, 1792, 896, 32, 77, 0.01325
0, 1792, 896, 32, 78, 0.00275
0, 1792, 896, 32, 79, 0.0046
0, 1792, 896, 32, 80, 0.00545
0, 1792, 896, 32, 81, 0.00655
0, 1792, 896, 32, 82, 0.01145
0, 1792, 896, 32, 83, 0.0093
0, 1792, 896, 32, 84, 0.0049
0, 1792, 896, 32, 85, 0.0118
0, 1792, 896, 32, 86, 0.0057
0, 1792, 896, 32, 87, 0.0033
0, 1792, 896, 32, 88, 0.00695
0, 1792, 896, 32, 89, 0.00475
0, 1792, 896, 32, 90, 0.0051
0, 1792, 896, 32, 91, 0.00505
0, 1792, 896, 32, 92, 0.00215
0, 1792, 896, 32, 93, 0.00185
0, 1792, 896, 32, 94, 0.0022
0, 1792, 896, 32, 95, 0.00255
0, 1792, 896, 32, 96, 0.0013
0, 1792, 896, 32, 97, 0.0049
0, 1792, 896, 32, 98, 0.0025
0, 1792, 896, 32, 99, 0.00325
0, 1792, 896, 32, 100, 0.00135
0, 1792, 896, 32, 101, 0.00615
0, 1792, 896, 32, 102, 0.0015
0, 1792, 896, 32, 103, 0.00365
0, 1792, 896, 32, 104, 0.0019
0, 1792, 896, 32, 105, 0.00455
0, 1792, 896, 32, 106, 0.0003
0, 1792, 896, 32, 107, 0
0, 1792, 896, 32, 108, 0
0, 1792, 896, 32, 109, 0
0, 1792, 896, 32, 110, 0
0, 1792, 896, 32, 111, 0
0, 1792, 896, 32, 112, 0
0, 1792, 896, 32, 113, 0
0, 1792, 896, 32, 114, 0
0, 1792, 896, 32, 115, 0
0, 1792, 896, 32, 116, 0
0, 1792, 896, 32, 117, 0
0, 1792, 896, 32, 118, 0
0, 1792, 896, 32, 119, 0
0, 1792, 896, 32, 120, 0
0, 1792, 896, 32, 121, 0
0, 1792, 896, 32, 122, 0
0, 1792, 896, 32, 123, 0
0, 1792, 896, 32, 124, 0
0, 1792, 896, 32, 125, 0
0, 1792, 896, 32, 126, 0
0, 1792, 896, 32, 127, 0
0, 1792, 896, 32, 128, 0
0, 1792, 896, 32, 129, 0
0, 1792, 896, 32, 130, 0
0, 1792, 896, 32, 131, 0
0, 1792, 896, 32, 132, 0
0, 1792, 896, 32, 133, 0
0, 1792, 896, 32, 134, 0
0, 1792, 896, 32, 135, 0
0, 1792, 896, 32, 136, 0
0, 1792, 896, 32, 137, 0
0, 1792, 896, 32, 138, 0
0, 1792, 896, 32, 139, 0
0, 1792, 896, 32, 140, 0
0, 1792, 896, 32, 141, 0
0, 1792, 896, 32, 142, 0
0, 1792, 896, 32, 143, 0
0, 1792, 896, 32, 144, 0
0, 1792, 896, 32, 145, 0
0, 1792, 896, 32, 146, 0
0, 1792, 896, 32, 147, 0
0, 1792, 896, 32, 148, 0
0, 1792, 896, 32, 149, 0
0, 1792, 896, 32, 150, 0
0, 1792, 896, 32, 151, 0
0, 1792, 896, 32, 152, 0
0, 1792, 896, 32, 153, 0
0, 1792, 896, 32, 154, 0
0, 1792, 896, 32, 155, 0
0, 1792, 1344, 32, 42, 1
0, 1792, 1344, 32, 43, 1
0, 1792, 1344, 32, 44, 1
0, 1792, 1344, 32, 45, 1
0, 1792, 1344, 32, 46, 1
0, 1792, 1344, 32, 47, 1
0, 1792, 1344, 32, 48, 1
0, 1792, 1344, 32, 49, 1
0, 1792, 1344, 32, 50, 1
0, 1792, 1344, 32, 51, 1
0, 1792, 1344, 32, 52, 1
0, 1792, 1344, 32, 53, 1
0, 1792, 1344, 32, 54, 1
0, 1792, 1344, 32, 55, 1
0, 1792, 1344, 32, 56, 1
0, 1792, 1344, 32, 57, 1
0, 1792, 1344, 32, 58, 1
0, 1792, 1344, 32, 59, 1
0, 1792, 1344, 32, 60, 1
0, 1792, 1344, 32, 61, 1
0, 1792, 1344, 32, 62, 1
0, 1792, 1344, 32, 63, 1
0, 1792, 1344, 32, 64, 1
0, 1792, 1344, 32, 65, 1
0, 1792, 1344, 32, 66, 1
0, 1792, 1344, 32, 67, 1
0, 1792, 1344, 32, 68, 1
0, 1792, 1344, 32, 69, 1
0, 1792, 1344, 32, 70, 1
0, 1792, 1344, 32, 71, 1
0, 1792, 1344, 32, 72, 1
0, 1792, 1344, 32, 73, 1
0, 1792, 1344, 32, 74, 1
0, 1792, 1344, 32, 75, 1
0, 1792, 1344, 32, 76, 1
0, 1792, 1344, 32, 77, 0.9999
0, 1792, 1344, 32, 78, 0.9998
0, 1792, 1344, 32, 79, 0.999
0, 1792, 1344, 32, 80, 0.99975
0, 1792, 1344, 32, 81, 0.9996
0, 1792, 1344, 32, 82, 0.99935
0, 1792, 1344, 32, 83, 0.99955
0, 1792, 1344, 32, 84, 0.9956
0, 1792, 1344, 32, 85, 0.99065
0, 1792, 1344, 32, 86, 0.9836
0, 1792, 1344, 32, 87, 0.9726
0, 1792, 1344, 32, 88, 0.91825
0, 1792, 1344, 32, 89, 0.89725
0, 1792, 1344, 32, 90, 0.83475
0, 1792, 1344, 32, 91, 0.7397
0, 1792, 1344, 32, 92, 0.7097
0, 1792, 1344, 32, 93, 0.63195
0, 1792, 1344, 32, 94, 0.5832
0, 1792, 1344, 32, 95, 0.5433
0, 1792, 1344, 32, 96, 0.52595
0, 1792, 1344, 32, 97, 0.50405
0, 1792, 1344, 32, 98, 0.4795
0, 1792, 1344, 32, 99, 0.4457
0, 1792, 1344, 32, 100, 0.39995
0, 1792, 1344, 32, 101, 0.28275
0, 1792, 1344, 32, 102, 0.2702
0, 1792, 1344, 32, 103, 0.2422
0, 1792, 1344, 32, 104, 0.2257
0, 1792, 1344, 32, 105, 0.1852
0, 1792, 1344, 32, 106, 0.1284
0, 1792, 1344, 32, 107, 0.10145
0, 1792, 1344, 32, 108, 0.06995
0, 1792, 1344, 32, 109, 0.06275
0, 1792, 1344, 32, 110, 0.05245
0, 1792, 1344, 32, 111, 0.03725
0, 1792, 1344, 32, 112, 0.04045
0, 1792, 1344, 32, 113, 0.02535
0, 1792, 1344, 32, 114, 0.0211
0, 1792, 1344, 32, 115, 0.02015
0, 1792, 1344, 32, 116, 0.0255
0, 1792, 1344, 32, 117, 0.01375
0, 1792, 1344, 32, 118, 0.01325
0, 1792, 1344, 32, 119, 0.02495
0, 1792, 1344, 32, 120, 0.0235
0, 1792, 1344, 32, 121, 0.01455
0, 1792, 1344, 32, 122, 0.01645
0, 1792, 1344, 32, 123, 0.0133
0, 1792, 1344, 32, 124, 0.01705
0, 1792, 1344, 32, 125, 0.01105
0, 1792, 1344, 32, 126, 0.01295
0, 1792, 1344, 32, 127, 0.0079
0, 1792, 1344, 32, 128, 0.0107
0, 1792, 1344, 32, 129, 0.01605
0, 1792, 1344, 32, 130, 0.0099
0, 1792, 1344, 32, 131, 0.019
0, 1792, 1344, 32, 132, 0.0146
0, 1792, 1344, 32, 133, 0.016
0, 1792, 1344, 32, 134, 0.01425
0, 1792, 1344, 32, 135, 0.0129
0, 1792, 1344, 32, 136, 0.0085
0, 1792, 1344, 32, 137, 0.01255
0, 1792, 1344, 32, 138, 0.01065
0, 1792, 1344, 32, 139, 0.0087
0, 1792, 1344, 32, 140, 0.01565
0, 1792, 1344, 32, 141, 0.0164
0, 1792, 1344, 32, 142, 0.00915
0, 1792, 1344, 32, 143, 0.0121
0, 1792, 1344, 32, 144, 0.0161
0, 1792, 1344, 32, 145, 0.00825
0, 1792, 1344, 32, 146, 0.0119
0, 1792, 1344, 32, 147, 0.01265
0, 1792, 1344, 32, 148, 0.01235
0, 1792, 1344, 32, 149, 0.0099
0, 1792, 1344, 32, 150, 0.01255
0, 1792, 1344, 32, 151, 0.0075
0, 1792, 1344, 32, 152, 0.03365
0, 1792, 1344, 32, 153, 0.00165
0, 1792, 1344, 32, 154, 0.0125
0, 1792, 1344, 32, 155, 0.02075
0, 1792, 1344, 32, 156, 0.01065
0, 1792, 1344, 32, 157, 0.00885
0, 1792, 1344, 32, 158, 0.02205
0, 1792, 1344, 32, 159, 0.00775
0, 1792, 1344, 32, 160, 0.0136
0, 1792, 1344, 32, 161, 0.01925
0, 1792, 1344, 32, 162, 0.01235
0, 1792, 1344, 32, 163, 0.00775
0, 1792, 1344, 32, 164, 0.00775
0, 1792, 1344, 32, 165, 0.00425
0, 1792, 1344, 32, 166, 0.00615
0, 1792, 1344, 32, 167, 0.00535
0, 1792, 1344, 32, 168, 0.0164
0, 1792, 1344, 32, 169, 0.01415
0, 1792, 1344, 32, 170, 0.007
0, 1792, 1344, 32, 171, 0.0129
0, 1792, 1344, 32, 172, 0.0024
0, 1792, 1344, 32, 173, 0.0088
0, 1792, 1344, 32, 174, 0.0055
0, 1792, 1344, 32, 175, 0.0071
0, 1792, 1344, 32, 176, 0.0007
0, 1920, 480, 32, 15, 1
0, 1920, 480, 32, 16, 1
0, 1920, 480, 32, 17, 0.99995
0, 1920, 480, 32, 18, 0.99975
0, 1920, 480, 32, 19, 0.993
0, 1920, 480, 32, 20, 0.77605
0, 1920, 480, 32, 21, 0.50645
0, 1920, 480, 32, 22, 0.2969
0, 1920, 480, 32, 23, 0.1377
0, 1920, 480, 32, 24, 0.09475
0, 1920, 480, 32, 25, 0.05795
0, 1920, 480, 32, 26, 0.039
0, 1920, 480, 32, 27, 0.02925
0, 1920, 480, 32, 28, 0.02075
0, 1920, 480, 32, 29, 0.01385
0, 1920, 480, 32, 30, 0.01255
0, 1920, 480, 32, 31, 0.0108
0, 1920, 480, 32, 32, 0.0074
0, 1920, 480, 32, 33, 0.005
0, 1920, 480, 32, 34, 0.00295
0, 1920, 480, 32, 35, 0.0045
0, 1920, 480, 32, 36, 0.0085
0, 1920, 480, 32, 37, 0.00425
0, 1920, 480, 32, 38, 0.00155
0, 1920, 480, 32, 39, 0.00245
0, 1920, 480, 32, 40, 0.0009
0, 1920, 480, 32, 41, 0
0, 1920, 480, 32, 42, 0
0, 1920, 480, 32, 43, 0
0, 1920, 480, 32, 44, 0
0, 1920, 480, 32, 45, 0
0, 1920, 480, 32, 46, 0
0, 1920, 480, 32, 47, 0
0, 1920, 480, 32, 48, 0
0, 1920, 480, 32, 49, 0
0, 1920, 480, 32, 50, 0
0, 1920, 480, 32, 51, 0
0, 1920, 480, 32, 52, 0
0, 1920, 480, 32, 53, 0
0, 1920, 480, 32, 54, 0
0, 1920, 480, 32, 55, 0
0, 1920, 480, 32, 56, 0
0, 1920, 480, 32, 57, 0
0, 1920, 480, 32, 58, 0
0, 1920, 480, 32, 59, 0
0, 1920, 480, 32, 60, 0
0, 1920, 480, 32, 61, 0
0, 1920, 480, 32, 62, 0
0, 1920, 480, 32, 63, 0
0, 1920, 480, 32, 64, 0
0, 1920, 480, 32, 65, 0
0, 1920, 480, 32, 66, 0
0, 1920, 480, 32, 67, 0
0, 1920, 480, 32, 68, 0
0, 1920, 480, 32, 69, 0
0, 1920, 480, 32, 70, 0
0, 1920, 480, 32, 71, 0
0, 1920, 480, 32, 72, 0
0, 1920, 480, 32, 73, 0
0, 1920, 480, 32, 74, 0
0, 1920, 480, 32, 75, 0
0, 1920, 480, 32, 76, 0
0, 1920, 480, 32, 77, 0
0, 1920, 480, 32, 78, 0
0, 1920, 480, 32, 79, 0
0, 1920, 480, 32, 80, 0
0, 1920, 480, 32, 81, 0
0, 1920, 480, 32, 82, 0
0, 1920, 480, 32, 83, 0
0, 1920, 480, 32, 84, 0
0, 1920, 480, 32, 85, 0
0, 1920, 480, 32, 86, 0
0, 1920, 480, 32, 87, 0
0, 1920, 480, 32, 88, 0
0, 1920, 480, 32, 89, 0
0, 1920, 480, 32, 90, 0
0, 1920, 480, 32, 91, 0
0, 1920, 480, 32, 92, 0
0, 1920, 480, 32, 93, 0
0, 1920, 480, 32, 94, 0
0, 1920, 480, 32, 95, 0
0, 1920, 480, 32, 96, 0
0, 1920, 480, 32, 97, 0
0, 1920, 480, 32, 98, 0
0, 1920, 480, 32, 99, 0
0, 1920, 480, 32, 100, 0
0, 1920, 480, 32, 101, 0
0, 1920, 480, 32, 102, 0
0, 1920, 480, 32, 103, 0
0, 1920, 480, 32, 104, 0
0, 1920, 480, 32, 105, 0
0, 1920, 480, 32, 106, 0
0, 1920, 480, 32, 107, 0
0, 1920, 480, 32, 108, 0
0, 1920, 480, 32, 109, 0
0, 1920, 480, 32, 110, 0
0, 1920, 480, 32, 111, 0
0, 1920, 480, 32, 112, 0
0, 1920, 480, 32, 113, 0
0, 1920, 480, 32, 114, 0
0, 1920, 480, 32, 115, 0
0, 1920, 480, 32, 116, 0
0, 1920, 480, 32, 117, 0
0, 1920, 480, 32, 118, 0
0, 1920, 480, 32, 119, 0
0, 1920, 480, 32, 120, 0
0, 1920, 480, 32, 121, 0
0, 1920, 480, 32, 122, 0
0, 1920, 480, 32, 123, 0
0, 1920, 480, 32, 124, 0
0, 1920, 480, 32, 125, 0
0, 1920, 480, 32, 126, 0
0, 1920, 480, 32, 127, 0
0, 1920, 480, 32, 128, 0
0, 1920, 480, 32, 129, 0
0, 1920, 480, 32, 130, 0
0, 1920, 480, 32, 131, 0
0, 1920, 480, 32, 132, 0
0, 1920, 480, 32, 133, 0
0, 1920, 480, 32, 134, 0
0, 1920, 480, 32, 135, 0
0, 1920, 480, 32, 136, 0
0, 1920, 480, 32, 137, 0
0, 1920, 480, 32, 138, 0
0, 1920, 480, 32, 139, 0
0, 1920, 480, 32, 140, 0
0, 1920, 480, 32, 141, 0
0, 1920, 480, 32, 142, 0
0, 1920, 480, 32, 143, 0
0, 1920, 480, 32, 144, 0
0, 1920, 480, 32, 145, 0
0, 1920, 480, 32, 146, 0
0, 1920, 480, 32, 147, 0
0, 1920, 480, 32, 148, 0
0, 1920, 480, 32, 149, 0
0, 1920, 480, 32, 150, 0
0, 1920, 480, 32, 151, 0
0, 1920, 480, 32, 152, 0
0, 1920, 480, 32, 153, 0
0, 1920, 480, 32, 154, 0
0, 1920, 480, 32, 155, 0
0, 1920, 480, 32, 156, 0
0, 1920, 480, 32, 157, 0
0, 1920, 480, 32, 158, 0
0, 1920, 480, 32, 159, 0
0, 1920, 960, 32, 30, 1
0, 1920, 960, 32, 31, 1
0, 1920, 960, 32, 32, 1
0, 1920, 960, 32, 33, 1
0, 1920, 960, 32, 34, 1
0, 1920, 960, 32, 35, 1
0, 1920, 960, 32, 36, 1
0, 1920, 960, 32, 37, 1
0, 1920, 960, 32, 38, 1
0, 1920, 960, 32, 39, 1
0, 1920, 960, 32, 40, 1
0, 1920, 960, 32, 41, 0.9999
0, 1920, 960, 32, 42, 0.99965
0, 1920, 960, 32, 43, 0.9997
0, 1920, 960, 32, 44, 0.9996
0, 1920, 960, 32, 45, 0.99815
0, 1920, 960, 32, 46, 0.9919
0, 1920, 960, 32, 47, 0.96825
0, 1920, 960, 32, 48, 0.8918
0, 1920, 960, 32, 49, 0.74525
0, 1920, 960, 32, 50, 0.5821
0, 1920, 960, 32, 51, 0.5194
0, 1920, 960, 32, 52, 0.4803
0, 1920, 960, 32, 53, 0.43725
0, 1920, 960, 32, 54, 0.3024
0, 1920, 960, 32, 55, 0.1868
0, 1920, 960, 32, 56, 0.15085
0, 1920, 960, 32, 57, 0.12295
0, 1920, 960, 32, 58, 0.08445
0, 1920, 960, 32, 59, 0.06545
0, 1920, 960, 32, 60, 0.049
0, 1920, 960, 32, 61, 0.04695
0, 1920, 960, 32, 62, 0.0475
0, 1920, 960, 32, 63, 0.02325
0, 1920, 960, 32, 64, 0.02735
0, 1920, 960, 32, 65, 0.01855
0, 1920, 960, 32, 66, 0.0112
0, 1920, 960, 32, 67, 0.0242
0, 1920, 960, 32, 68, 0.01315
0, 1920, 960, 32, 69, 0.011
0, 1920, 960, 32, 70, 0.024
0, 1920, 960, 32, 71, 0.0237
0, 1920, 960, 32, 72, 0.0213
0, 1920, 960, 32, 73, 0.0342
0, 1920, 960, 32, 74, 0.01505
0, 1920, 960, 32, 75, 0.00865
0, 1920, 960, 32, 76, 0.01605
0, 1920, 960, 32, 77, 0.0155
0, 1920, 960, 32, 78, 0.0165
0, 1920, 960, 32, 79, 0.01005
0, 1920, 960, 32, 80, 0.0097
0, 1920, 960, 32, 81, 0.0059
0, 1920, 960, 32, 82, 0.00975
0, 1920, 960, 32, 83, 0.0127
0, 1920, 960, 32, 84, 0.0067
0, 1920, 960, 32, 85, 0.00405
0, 1920, 960, 32, 86, 0.0088
0, 1920, 960, 32, 87, 0.00185
0, 1920, 960, 32, 88, 0.00215
0, 1920, 960, 32, 89, 0.0027
0, 1920, 960, 32, 90, 0.00705
0, 1920, 960, 32, 91, 0.00345
0, 1920, 960, 32, 92, 0.0042
0, 1920, 960, 32, 93, 0.00305
0, 1920, 960, 32, 94, 0.0054
0, 1920, 960, 32, 95, 0.0137
0, 1920, 960, 32, 96, 0.00155
0, 1920, 960, 32, 97, 0.0024
0, 1920, 960, 32, 98, 0.00805
0, 1920, 960, 32, 99, 0.008
0, 1920, 960, 32, 100, 0.00805
0, 1920, 960, 32, 101, 0.0042
0, 1920, 960, 32, 102, 0.0068
0, 1920, 960, 32, 103, 0.0045
0, 1920, 960, 32, 104, 0.0038
0, 1920, 960, 32, 105, 0.0139
0, 1920, 960, 32, 106, 0.0081
0, 1920, 960, 32, 107, 0.00535
0, 1920, 960, 32, 108, 0.00445
0, 1920, 960, 32, 109, 0.00335
0, 1920, 960, 32, 110, 0.00575
0, 1920, 960, 32, 111, 0.00235
0, 1920, 960, 32, 112, 0.0055
0, 1920, 960, 32, 113, 0.0073
0, 1920, 960, 32, 114, 0.0107
0, 1920, 960, 32, 115, 0.00665
0, 1920, 960, 32, 116, 0.0029
0, 1920, 960, 32, 117, 0.00225
0, 1920, 960, 32, 118, 0.0048
0, 1920, 960, 32, 119, 0.0057
0, 1920, 960, 32, 120, 0.0061
0, 1920, 960, 32, 121, 0.0093
0, 1920, 960, 32, 122, 0.0006
0, 1920, 960, 32, 123, 0
0, 1920, 960, 32, 124, 0
0, 1920, 960, 32, 125, 0
0, 1920, 960, 32, 126, 0
0, 1920, 960, 32, 127, 0
0, 1920, 960, 32, 128, 0
0, 1920, 960, 32, 129, 0
0, 1920, 960, 32, 130, 0
0, 1920, 960, 32, 131, 0
0, 1920, 960, 32, 132, 0
0, 1920, 960, 32, 133, 0
0, 1920, 960, 32, 134, 0
0, 1920, 960, 32, 135, 0
0, 1920, 960, 32, 136, 0
0, 1920, 960, 32, 137, 0
0, 1920, 960, 32, 138, 0
0, 1920, 960, 32, 139, 0
0, 1920, 960, 32, 140, 0
0, 1920, 960, 32, 141, 0
0, 1920, 960, 32, 142, 0
0, 1920, 960, 32, 143, 0
0, 1920, 960, 32, 144, 0
0, 1920, 960, 32, 145, 0
0, 1920, 960, 32, 146, 0
0, 1920, 960, 32, 147, 0
0, 1920, 960, 32, 148, 0
0, 1920, 960, 32, 149, 0
0, 1920, 960, 32, 150, 0
0, 1920, 960, 32, 151, 0
0, 1920, 960, 32, 152, 0
0, 1920, 960, 32, 153, 0
0, 1920, 960, 32, 154, 0
0, 1920, 960, 32, 155, 0
0, 1920, 960, 32, 156, 0
0, 1920, 960, 32, 157, 0
0, 1920, 960, 32, 158, 0
0, 1920, 960, 32, 159, 0
0, 1920, 1440, 32, 45, 1
0, 1920, 1440, 32, 46, 1
0, 1920, 1440, 32, 47, 1
0, 1920, 1440, 32, 48, 1
0, 1920, 1440, 32, 49, 1
0, 1920, 1440, 32, 50, 1
0, 1920, 1440, 32, 51, 1
0, 1920, 1440, 32, 52, 1
0, 1920, 1440, 32, 53, 1
0, 1920, 1440, 32, 54, 1
0, 1920, 1440, 32, 55, 1
0, 1920, 1440, 32, 56, 1
0, 1920, 1440, 32, 57, 1
0, 1920, 1440, 32, 58, 1
0, 1920, 1440, 32, 59, 1
0, 1920, 1440, 32, 60, 1
0, 1920, 1440, 32, 61, 1
0, 1920, 1440, 32, 62, 1
0, 1920, 1440, 32, 63, 1
0, 1920, 1440, 32, 64, 1
0, 1920, 1440, 32, 65, 1
0, 1920, 1440, 32, 66, 1
0, 1920, 1440, 32, 67, 1
0, 1920, 1440, 32, 68, 1
0, 1920, 1440, 32, 69, 1
0, 1920, 1440, 32, 70, 1
0, 1920, 1440, 32, 71, 1
0, 1920, 1440, 32, 72, 1
0, 1920, 1440, 32, 73, 1
0, 1920, 1440, 32, 74, 1
0, 1920, 1440, 32, 75, 1
0, 1920, 1440, 32, 76, 1
0, 1920, 1440, 32, 77, 1
0, 1920, 1440, 32, 78, 1
0, 1920, 1440, 32, 79, 1
0, 1920, 1440, 32, 80, 1
0, 1920, 1440, 32, 81, 0.9999
0, 1920, 1440, 32, 82, 1
0, 1920, 1440, 32, 83, 1
0, 1920, 1440, 32, 84, 0.9997
0, 1920, 1440, 32, 85, 0.99995
0, 1920, 1440, 32, 86, 0.99995
0, 1920, 1440, 32, 87, 0.9996
0, 1920, 1440, 32, 88, 0.9998
0, 1920, 1440, 32, 89, 0.99935
0, 1920, 1440, 32, 90, 0.99755
0, 1920, 1440, 32, 91, 0.99265
0, 1920, 1440, 32, 92, 0.984
0, 1920, 1440, 32, 93, 0.97905
0, 1920, 1440, 32, 94, 0.9501
0, 1920, 1440, 32, 95, 0.9781
0, 1920, 1440, 32, 96, 0.9374
0, 1920, 1440, 32, 97, 0.92185
0, 1920, 1440, 32, 98, 0.8956
0, 1920, 1440, 32, 99, 0.84275
0, 1920, 1440, 32, 100, 0.74615
0, 1920, 1440, 32, 101, 0.68545
0, 1920, 1440, 32, 102, 0.6305
0, 1920, 1440, 32, 103, 0.55115
0, 1920, 1440, 32, 104, 0.45895
0, 1920, 1440, 32, 105, 0.38245
0, 1920, 1440, 32, 106, 0.24175
0, 1920, 1440, 32, 107, 0.18895
0, 1920, 1440, 32, 108, 0.1528
0, 1920, 1440, 32, 109, 0.1206
0, 1920, 1440, 32, 110, 0.0864
0, 1920, 1440, 32, 111, 0.0671
0, 1920, 1440, 32, 112, 0.0506
0, 1920, 1440, 32, 113, 0.04215
0, 1920, 1440, 32, 114, 0.0385
0, 1920, 1440, 32, 115, 0.04475
0, 1920, 1440, 32, 116, 0.0238
0, 1920, 1440, 32, 117, 0.02135
0, 1920, 1440, 32, 118, 0.0215
0, 1920, 1440, 32, 119, 0.0167
0, 1920, 1440, 32, 120, 0.0167
0, 1920, 1440, 32, 121, 0.01505
0, 1920, 1440, 32, 122, 0.01685
0, 1920, 1440, 32, 123, 0.0131
0, 1920, 1440, 32, 124, 0.0145
0, 1920, 1440, 32, 125, 0.0131
0, 1920, 1440, 32, 126, 0.0137
0, 1920, 1440, 32, 127, 0.0138
0, 1920, 1440, 32, 128, 0.01285
0, 1920, 1440, 32, 129, 0.01355
0, 1920, 1440, 32, 130, 0.0116
0, 1920, 1440, 32, 131, 0.01175
0, 1920, 1440, 32, 132, 0.01285
0, 1920, 1440, 32, 133, 0.012
0, 1920, 1440, 32, 134, 0.0144
0, 1920, 1440, 32, 135, 0.01285
0, 1920, 1440, 32, 136, 0.0116
0, 1920, 1440, 32, 137, 0.01295
0, 1920, 1440, 32, 138, 0.0128
0, 1920, 1440, 32, 139, 0.0119
0, 1920, 1440, 32, 140, 0.0111
0, 1920, 1440, 32, 141, 0.0122
0, 1920, 1440, 32, 142, 0.0095
0, 1920, 1440, 32, 143, 0.01
0, 1920, 1440, 32, 144, 0.0113
0, 1920, 1440, 32, 145, 0.0108
0, 1920, 1440, 32, 146, 0.0132
0, 1920, 1440, 32, 147, 0.00555
0, 1920, 1440, 32, 148, 0.0111
0, 1920, 1440, 32, 149, 0.01395
0, 1920, 1440, 32, 150, 0.01005
0, 1920, 1440, 32, 151, 0.0096
0, 1920, 1440, 32, 152, 0.01525
0, 1920, 1440, 32, 153, 0.0083
0, 1920, 1440, 32, 154, 0.01105
0, 1920, 1440, 32, 155, 0.0112
0, 1920, 1440, 32, 156, 0.01195
0, 1920, 1440, 32, 157, 0.01045
0, 1920, 1440, 32, 158, 0.00865
0, 1920, 1440, 32, 159, 0.00855
0, 1920, 1440, 32, 160, 0.0114
0, 1920, 1440, 32, 161, 0.01105
0, 1920, 1440, 32, 162, 0.0096
0, 1920, 1440, 32, 163, 0.0109
0, 1920, 1440, 32, 164, 0.00505
0, 1920, 1440, 32, 165, 0.00645
0, 1920, 1440, 32, 166, 0.007
0, 1920, 1440, 32, 167, 0.0098
0, 1920, 1440, 32, 168, 0.00385
0, 1920, 1440, 32, 169, 0.0064
0, 1920, 1440, 32, 170, 0.00545
0, 1920, 1440, 32, 171, 0.00695
0, 1920, 1440, 32, 172, 0.0038
0, 1920, 1440, 32, 173, 0.0063
0, 1920, 1440, 32, 174, 0.00485
0, 1920, 1440, 32, 175, 0.0054
0, 1920, 1440, 32, 176, 0.00175
0, 1920, 1440, 32, 177, 0.0049
0, 1920, 1440, 32, 178, 0.0015
0, 1920, 1440, 32, 179, 0.00375
0, 1920, 1440, 32, 180, 0.00185
0, 1920, 1440, 32, 181, 0.0041
0, 1920, 1440, 32, 182, 0.0021
0, 1920, 1440, 32, 183, 0.00145
0, 1920, 1440, 32, 184, 0.0065
0, 1920, 1440, 32, 185, 0.0094
0, 1920, 1440, 32, 186, 0.0092
0, 1920, 1440, 32, 187, 0.01765
0, 1920, 1440, 32, 188, 0.01155
0, 1920, 1440, 32, 189, 0.002
0, 1920, 1440, 32, 190, 0.00055
0, 2048, 512, 32, 16, 1
0, 2048, 512, 32, 17, 1
0, 2048, 512, 32, 18, 0.99995
0, 2048, 512, 32, 19, 0.99985
0, 2048, 512, 32, 20, 0.9925
0, 2048, 512, 32, 21, 0.8842
0, 2048, 512, 32, 22, 0.60085
0, 2048, 512, 32, 23, 0.37225
0, 2048, 512, 32, 24, 0.1982
0, 2048, 512, 32, 25, 0.1216
0, 2048, 512, 32, 26, 0.0641
0, 2048, 512, 32, 27, 0.04275
0, 2048, 512, 32, 28, 0.03285
0, 2048, 512, 32, 29, 0.0216
0, 2048, 512, 32, 30, 0.0146
0, 2048, 512, 32, 31, 0.01525
0, 2048, 512, 32, 32, 0.00815
0, 2048, 512, 32, 33, 0.02295
0, 2048, 512, 32, 34, 0.00755
0, 2048, 512, 32, 35, 0.0065
0, 2048, 512, 32, 36, 0.01215
0, 2048, 512, 32, 37, 0.0113
0, 2048, 512, 32, 38, 0.01635
0, 2048, 512, 32, 39, 0.0039
0, 2048, 512, 32, 40, 0.00355
0, 2048, 512, 32, 41, 0.00825
0, 2048, 512, 32, 42, 0.00675
0, 2048, 512, 32, 43, 0.00215
0, 2048, 512, 32, 44, 0.0023
0, 2048, 512, 32, 45, 0.0031
0, 2048, 512, 32, 46, 0.001
0, 2048, 512, 32, 47, 0.0045
0, 2048, 512, 32, 48, 0.0121
0, 2048, 512, 32, 49, 0.00025
0, 2048, 512, 32, 50, 0
0, 2048, 512, 32, 51, 0
0, 2048, 512, 32, 52, 0
0, 2048, 512, 32, 53, 0
0, 2048, 512, 32, 54, 0
0, 2048, 512, 32, 55, 0
0, 2048, 512, 32, 56, 0
0, 2048, 512, 32, 57, 0
0, 2048, 512, 32, 58, 0
0, 2048, 512, 32, 59, 0
0, 2048, 512, 32, 60, 0
0, 2048, 512, 32, 61, 0
0, 2048, 512, 32, 62, 0
0, 2048, 512, 32, 63, 0
0, 2048, 512, 32, 64, 0
0, 2048, 512, 32, 65, 0
0, 2048, 512, 32, 66, 0
0, 2048, 512, 32, 67, 0
0, 2048, 512, 32, 68, 0
0, 2048, 512, 32, 69, 0
0, 2048, 512, 32, 70, 0
0, 2048, 512, 32, 71, 0
0, 2048, 512, 32, 72, 0
0, 2048, 512, 32, 73, 0
0, 2048, 512, 32, 74, 0
0, 2048, 512, 32, 75, 0
0, 2048, 512, 32, 76, 0
0, 2048, 512, 32, 77, 0
0, 2048, 512, 32, 78, 0
0, 2048, 512, 32, 79, 0
0, 2048, 512, 32, 80, 0
0, 2048, 512, 32, 81, 0
0, 2048, 512, 32, 82, 0
0, 2048, 512, 32, 83, 0
0, 2048, 512, 32, 84, 0
0, 2048, 512, 32, 85, 0
0, 2048, 512, 32, 86, 0
0, 2048, 512, 32, 87, 0
0, 2048, 512, 32, 88, 0
0, 2048, 512, 32, 89, 0
0, 2048, 512, 32, 90, 0
0, 2048, 512, 32, 91, 0
0, 2048, 512, 32, 92, 0
0, 2048, 512, 32, 93, 0
0, 2048, 512, 32, 94, 0
0, 2048, 512, 32, 95, 0
0, 2048, 512, 32, 96, 0
0, 2048, 512, 32, 97, 0
0, 2048, 512, 32, 98, 0
0, 2048, 512, 32, 99, 0
0, 2048, 512, 32, 100, 0
0, 2048, 512, 32, 101, 0
0, 2048, 512, 32, 102, 0
0, 2048, 512, 32, 103, 0
0, 2048, 512, 32, 104, 0
0, 2048, 512, 32, 105, 0
0, 2048, 512, 32, 106, 0
0, 2048, 512, 32, 107, 0
0, 2048, 512, 32, 108, 0
0, 2048, 512, 32, 109, 0
0, 2048, 512, 32, 110, 0
0, 2048, 512, 32, 111, 0
0, 2048, 512, 32, 112, 0
0, 2048, 512, 32, 113, 0
0, 2048, 512, 32, 114, 0
0, 2048, 512, 32, 115, 0
0, 2048, 512, 32, 116, 0
0, 2048, 512, 32, 117, 0
0, 2048, 512, 32, 118, 0
0, 2048, 512, 32, 119, 0
0, 2048, 512, 32, 120, 0
0, 2048, 512, 32, 121, 0
0, 2048, 512, 32, 122, 0
0, 2048, 512, 32, 123, 0
0, 2048, 512, 32, 124, 0
0, 2048, 512, 32, 125, 0
0, 2048, 512, 32, 126, 0
0, 2048, 512, 32, 127, 0
0, 2048, 512, 32, 128, 0
0, 2048, 512, 32, 129, 0
0, 2048, 512, 32, 130, 0
0, 2048, 512, 32, 131, 0
0, 2048, 512, 32, 132, 0
0, 2048, 512, 32, 133, 0
0, 2048, 512, 32, 134, 0
0, 2048, 512, 32, 135, 0
0, 2048, 512, 32, 136, 0
0, 2048, 512, 32, 137, 0
0, 2048, 512, 32, 138, 0
0, 2048, 512, 32, 139, 0
0, 2048, 512, 32, 140, 0
0, 2048, 512, 32, 141, 0
0, 2048, 512, 32, 142, 0
0, 2048, 512, 32, 143, 0
0, 2048, 512, 32, 144, 0
0, 2048, 512, 32, 145, 0
0, 2048, 512, 32, 146, 0
0, 2048, 512, 32, 147, 0
0, 2048, 512, 32, 148, 0
0, 2048, 512, 32, 149, 0
0, 2048, 512, 32, 150, 0
0, 2048, 512, 32, 151, 0
0, 2048, 512, 32, 152, 0
0, 2048, 512, 32, 153, 0
0, 2048, 512, 32, 154, 0
0, 2048, 512, 32, 155, 0
0, 2048, 512, 32, 156, 0
0, 2048, 512, 32, 157, 0
0, 2048, 512, 32, 158, 0
0, 2048, 512, 32, 159, 0
0, 2048, 512, 32, 160, 0
0, 2048, 512, 32, 161, 0
0, 2048, 512, 32, 162, 0
0, 2048, 512, 32, 163, 0
0, 2048, 1024, 32, 32, 1
0, 2048, 1024, 32, 33, 1
0, 2048, 1024, 32, 34, 1
0, 2048, 1024, 32, 35, 1
0, 2048, 1024, 32, 36, 1
0, 2048, 1024, 32, 37, 1
0, 2048, 1024, 32, 38, 1
0, 2048, 1024, 32, 39, 1
0, 2048, 1024, 32, 40, 1
0, 2048, 1024, 32, 41, 1
0, 2048, 1024, 32, 42, 1
0, 2048, 1024, 32, 43, 1
0, 2048, 1024, 32, 44, 1
0, 2048, 1024, 32, 45, 0.99985
0, 2048, 1024, 32, 46, 0.9997
0, 2048, 1024, 32, 47, 0.99955
0, 2048, 1024, 32, 48, 0.9991
0, 2048, 1024, 32, 49, 0.98755
0, 2048, 1024, 32, 50, 0.9413
0, 2048, 1024, 32, 51, 0.88105
0, 2048, 1024, 32, 52, 0.73725
0, 2048, 1024, 32, 53, 0.63545
0, 2048, 1024, 32, 54, 0.55355
0, 2048, 1024, 32, 55, 0.4875
0, 2048, 1024, 32, 56, 0.3994
0, 2048, 1024, 32, 57, 0.3012
0, 2048, 1024, 32, 58, 0.23375
0, 2048, 1024, 32, 59, 0.17665
0, 2048, 1024, 32, 60, 0.1443
0, 2048, 1024, 32, 61, 0.08925
0, 2048, 1024, 32, 62, 0.06575
0, 2048, 1024, 32, 63, 0.05315
0, 2048, 1024, 32, 64, 0.03365
0, 2048, 1024, 32, 65, 0.02895
0, 2048, 1024, 32, 66, 0.01995
0, 2048, 1024, 32, 67, 0.0208
0, 2048, 1024, 32, 68, 0.02015
0, 2048, 1024, 32, 69, 0.01475
0, 2048, 1024, 32, 70, 0.0123
0, 2048, 1024, 32, 71, 0.01465
0, 2048, 1024, 32, 72, 0.0152
0, 2048, 1024, 32, 73, 0.0103
0, 2048, 1024, 32, 74, 0.01
0, 2048, 1024, 32, 75, 0.01075
0, 2048, 1024, 32, 76, 0.02485
0, 2048, 1024, 32, 77, 0.0082
0, 2048, 1024, 32, 78, 0.01635
0, 2048, 1024, 32, 79, 0.0097
0, 2048, 1024, 32, 80, 0.0037
0, 2048, 1024, 32, 81, 0.0149
0, 2048, 1024, 32, 82, 0.0137
0, 2048, 1024, 32, 83, 0.0157
0, 2048, 1024, 32, 84, 0.00725
0, 2048, 1024, 32, 85, 0.00715
0, 2048, 1024, 32, 86, 0.01555
0, 2048, 1024, 32, 87, 0.0202
0, 2048, 1024, 32, 88, 0.008
0, 2048, 1024, 32, 89, 0.0178
0, 2048, 1024, 32, 90, 0.0129
0, 2048, 1024, 32, 91, 0.0079
0, 2048, 1024, 32, 92, 0.01065
0, 2048, 1024, 32, 93, 0.0047
0, 2048, 1024, 32, 94, 0.01035
0, 2048, 1024, 32, 95, 0.0108
0, 2048, 1024, 32, 96, 0.00845
0, 2048, 1024, 32, 97, 0.0064
0, 2048, 1024, 32, 98, 0.0091
0, 2048, 1024, 32, 99, 0.0079
0, 2048, 1024, 32, 100, 0.00475
0, 2048, 1024, 32, 101, 0.00425
0, 2048, 1024, 32, 102, 0.00815
0, 2048, 1024, 32, 103, 0.00565
0, 2048, 1024, 32, 104, 0.0113
0, 2048, 1024, 32, 105, 0.00915
0, 2048, 1024, 32, 106, 0.00645
0, 2048, 1024, 32, 107, 0.0019
0, 2048, 1024, 32, 108, 0.01315
0, 2048, 1024, 32, 109, 0.0063
0, 2048, 1024, 32, 110, 0.01385
0, 2048, 1024, 32, 111, 0.01575
0, 2048, 1024, 32, 112, 0.00745
0, 2048, 1024, 32, 113, 0.0056
0, 2048, 1024, 32, 114, 0.01255
0, 2048, 1024, 32, 115, 0.0111
0, 2048, 1024, 32, 116, 0.0055
0, 2048, 1024, 32, 117, 0.00645
0, 2048, 1024, 32, 118, 0.01
0, 2048, 1024, 32, 119, 0.0051
0, 2048, 1024, 32, 120, 0.0075
0, 2048, 1024, 32, 121, 0.01205
0, 2048, 1024, 32, 122, 0.00405
0, 2048, 1024, 32, 123, 0.0032
0, 2048, 1024, 32, 124, 0.00185
0, 2048, 1024, 32, 125, 0.00055
0, 2048, 1024, 32, 126, 0
0, 2048, 1024, 32, 127, 0
0, 2048, 1024, 32, 128, 0
0, 2048, 1024, 32, 129, 0
0, 2048, 1024, 32, 130, 0
0, 2048, 1024, 32, 131, 0
0, 2048, 1024, 32, 132, 0
0, 2048, 1024, 32, 133, 0
0, 2048, 1024, 32, 134, 0
0, 2048, 1024, 32, 135, 0
0, 2048, 1024, 32, 136, 0
0, 2048, 1024, 32, 137, 0
0, 2048, 1024, 32, 138, 0
0, 2048, 1024, 32, 139, 0
0, 2048, 1024, 32, 140, 0
0, 2048, 1024, 32, 141, 0
0, 2048, 1024, 32, 142, 0
0, 2048, 1024, 32, 143, 0
0, 2048, 1024, 32, 144, 0
0, 2048, 1024, 32, 145, 0
0, 2048, 1024, 32, 146, 0
0, 2048, 1024, 32, 147, 0
0, 2048, 1024, 32, 148, 0
0, 2048, 1024, 32, 149, 0
0, 2048, 1024, 32, 150, 0
0, 2048, 1024, 32, 151, 0
0, 2048, 1024, 32, 152, 0
0, 2048, 1024, 32, 153, 0
0, 2048, 1024, 32, 154, 0
0, 2048, 1024, 32, 155, 0
0, 2048, 1024, 32, 156, 0
0, 2048, 1024, 32, 157, 0
0, 2048, 1024, 32, 158, 0
0, 2048, 1024, 32, 159, 0
0, 2048, 1024, 32, 160, 0
0, 2048, 1024, 32, 161, 0
0, 2048, 1024, 32, 162, 0
0, 2048, 1024, 32, 163, 0
0, 2048, 1536, 32, 48, 1
0, 2048, 1536, 32, 49, 1
0, 2048, 1536, 32, 50, 1
0, 2048, 1536, 32, 51, 1
0, 2048, 1536, 32, 52, 1
0, 2048, 1536, 32, 53, 1
0, 2048, 1536, 32, 54, 1
0, 2048, 1536, 32, 55, 1
0, 2048, 1536, 32, 56, 1
0, 2048, 1536, 32, 57, 1
0, 2048, 1536, 32, 58, 1
0, 2048, 1536, 32, 59, 1
0, 2048, 1536, 32, 60, 1
0, 2048, 1536, 32, 61, 1
0, 2048, 1536, 32, 62, 1
0, 2048, 1536, 32, 63, 1
0, 2048, 1536, 32, 64, 1
0, 2048, 1536, 32, 65, 1
0, 2048, 1536, 32, 66, 1
0, 2048, 1536, 32, 67, 1
0, 2048, 1536, 32, 68, 1
0, 2048, 1536, 32, 69, 1
0, 2048, 1536, 32, 70, 1
0, 2048, 1536, 32, 71, 1
0, 2048, 1536, 32, 72, 1
0, 2048, 1536, 32, 73, 1
0, 2048, 1536, 32, 74, 1
0, 2048, 1536, 32, 75, 1
0, 2048, 1536, 32, 76, 1
0, 2048, 1536, 32, 77, 1
0, 2048, 1536, 32, 78, 1
0, 2048, 1536, 32, 79, 1
0, 2048, 1536, 32, 80, 1
0, 2048, 1536, 32, 81, 1
0, 2048, 1536, 32, 82, 1
0, 2048, 1536, 32, 83, 1
0, 2048, 1536, 32, 84, 1
0, 2048, 1536, 32, 85, 1
0, 2048, 1536, 32, 86, 1
0, 2048, 1536, 32, 87, 0.99995
0, 2048, 1536, 32, 88, 1
0, 2048, 1536, 32, 89, 1
0, 2048, 1536, 32, 90, 1
0, 2048, 1536, 32, 91, 0.9998
0, 2048, 1536, 32, 92, 0.9998
0, 2048, 1536, 32, 93, 0.99975
0, 2048, 1536, 32, 94, 0.9998
0, 2048, 1536, 32, 95, 0.9999
0, 2048, 1536, 32, 96, 0.99885
0, 2048, 1536, 32, 97, 0.9992
0, 2048, 1536, 32, 98, 0.99635
0, 2048, 1536, 32, 99, 0.99305
0, 2048, 1536, 32, 100, 0.98595
0, 2048, 1536, 32, 101, 0.97245
0, 2048, 1536, 32, 102, 0.9778
0, 2048, 1536, 32, 103, 0.95455
0, 2048, 1536, 32, 104, 0.91445
0, 2048, 1536, 32, 105, 0.8485
0, 2048, 1536, 32, 106, 0.8001
0, 2048, 1536, 32, 107, 0.7617
0, 2048, 1536, 32, 108, 0.70075
0, 2048, 1536, 32, 109, 0.60005
0, 2048, 1536, 32, 110, 0.52035
0, 2048, 1536, 32, 111, 0.441
0, 2048, 1536, 32, 112, 0.3802
0, 2048, 1536, 32, 113, 0.27775
0, 2048, 1536, 32, 114, 0.2127
0, 2048, 1536, 32, 115, 0.13605
0, 2048, 1536, 32, 116, 0.0935
0, 2048, 1536, 32, 117, 0.09845
0, 2048, 1536, 32, 118, 0.1002
0, 2048, 1536, 32, 119, 0.0615
0, 2048, 1536, 32, 120, 0.06385
0, 2048, 1536, 32, 121, 0.06915
